as_of,signal,ws,vix,kr_w,us_w,hold_w,cost,kr_return,us_return,blend_return,strategy_return,pair_0_weight,pair_0_vote,pair_0_score,pair_0_rs,pair_0_macro,pair_1_weight,pair_1_vote,pair_1_score,pair_1_rs,pair_1_macro,pair_2_weight,pair_2_vote,pair_2_score,pair_3_weight,pair_3_vote,pair_3_score,pair_4_weight,pair_4_vote,pair_4_score,pair_4_rs,pair_4_macro,pair_5_weight,pair_5_vote,pair_5_score,pair_5_rs,pair_5_macro,pair_6_weight,pair_6_vote,pair_6_score,pair_6_rs,pair_6_macro,pair_7_weight,pair_7_vote,pair_7_score,pair_2_rs,pair_2_macro,pair_3_rs,pair_3_macro,pair_7_rs,pair_7_macro
2010-02-26,US,-0.3798,19.5,0.125,0.5,0.0,0.0,0.0616,0.0588,0.0602,0.0588,0.125,US,-0.6359,-0.05614,0.0,0.125,US,-0.7605,-0.07369,-0.9926,0.125,,,0.125,,,0.125,KR,0.328,0.01065,0.0,0.125,US,-0.2659,-0.00591,0.0,0.125,US,-0.5648,-0.05132,0.05,0.125,,,,,,,,
2010-03-31,US,-0.1882,17.59,0.25,0.375,0.0,0.0,0.0288,0.0148,0.0218,0.0148,0.125,KR,0.3053,0.04164,0.0,0.125,US,-0.6124,-0.01695,-0.9929,0.125,,,0.125,,,0.125,KR,0.7783,0.0437,0.0,0.125,US,-0.7906,-0.04866,0.0,0.125,US,-0.6217,-0.02091,0.2364,0.125,,,,,,,,
2010-04-30,Neutral,-0.0179,22.05,0.25,0.25,0.125,0.003,-0.0576,-0.082,-0.0698,-0.0728,0.125,KR,0.3921,0.05009,0.0,0.125,US,-0.289,-0.01417,-0.9914,0.125,,,0.125,,,0.125,KR,0.6661,0.04503,0.0,0.125,Hold,-0.0202,-0.0106,0.9354,0.125,US,-0.8387,-0.07099,-0.2022,0.125,,,,,,,,
2010-05-31,KR,0.3634,32.07,0.5,0.125,0.0,0.003,0.0348,-0.0374,-0.0013,0.0318,0.125,KR,0.6357,0.06231,0.0,0.125,US,-0.1463,-0.00777,-0.9879,0.125,,,0.125,,,0.125,KR,0.6397,0.09616,0.0,0.125,KR,0.5668,0.09324,-0.493,0.125,KR,0.1213,0.00337,-0.8358,0.125,,,,,,,,
2010-06-30,KR,0.6372,34.54,0.625,0.0,0.0,0.0,0.0359,0.0688,0.0524,0.0359,0.125,KR,0.7995,0.09872,0.0,0.125,KR,0.5757,0.09001,-0.9823,0.125,,,0.125,,,0.125,KR,0.64,0.20562,0.0,0.125,KR,0.5187,0.21314,-0.9914,0.125,KR,0.652,0.05518,-0.8965,0.125,,,,,,,,
2010-07-30,KR,0.2056,23.5,0.375,0.25,0.0,0.0,-0.0094,-0.0474,-0.0284,-0.0094,0.125,US,-0.2597,-0.01406,0.0,0.125,KR,0.3436,0.0392,-0.9833,0.125,,,0.125,,,0.125,KR,0.6399,0.15554,0.0,0.125,KR,0.6511,0.08678,-0.9579,0.125,US,-0.3467,-0.03338,-0.3364,0.125,,,,,,,,
2010-08-31,KR,0.4182,26.05,0.875,0.0,0.0,0.0,0.0746,0.0876,0.0811,0.0746,0.125,KR,0.402,0.05468,0.0,0.125,KR,0.4246,0.08246,-0.964,0.125,KR,0.4,0.125,KR,0.5732,0.125,KR,0.4034,0.27517,0.0,0.125,KR,0.5446,0.12122,0.1194,0.125,KR,0.1795,0.01386,-0.5406,0.125,,,0.09917,0.0,0.08523,0.0,,
2010-09-30,US,-0.1055,23.7,0.5,0.375,0.0,0.003,0.0054,0.0369,0.0211,0.0339,0.125,US,-0.7992,-0.07294,0.0,0.125,KR,0.2567,0.00719,-0.971,0.125,US,-0.7798,0.125,KR,0.2251,0.125,KR,0.4169,0.12853,0.0,0.125,KR,0.5601,0.10503,0.9402,0.125,US,-0.6186,-0.01346,-0.354,0.125,,,-0.04163,0.0,0.01767,0.0,,
2010-10-29,US,-0.2526,21.2,0.25,0.5,0.125,0.0,0.0115,-0.0023,0.0046,-0.0023,0.125,US,-0.6387,-0.08973,0.0,0.125,Hold,-0.0848,0.00419,-0.9797,0.125,US,-0.7797,0.125,US,-0.4735,0.125,KR,0.32,0.11421,0.0,0.125,KR,0.54,0.13231,0.8668,0.125,US,-0.6517,-0.05047,-0.1194,0.125,,,-0.08137,0.0,-0.0165,0.0,,
2010-11-30,US,-0.1783,23.54,0.375,0.5,0.0,0.0,0.0768,0.0653,0.0711,0.0653,0.125,US,-0.7741,-0.0467,0.0,0.125,KR,0.5468,0.02469,-0.9823,0.125,US,-0.7996,0.125,US,-0.6354,0.125,KR,0.5415,0.05461,0.0,0.125,KR,0.5396,0.07118,0.8717,0.125,US,-0.6671,-0.03615,-0.3399,0.125,,,-0.08398,0.0,-0.01853,0.0,,
2010-12-31,US,-0.4042,17.75,0.125,0.625,0.125,0.0,-0.0002,0.0226,0.0112,0.0226,0.125,US,-0.6226,-0.03994,0.0,0.125,KR,0.1619,0.03176,-0.9908,0.125,US,-0.6798,0.125,US,-0.6399,0.125,US,-0.4569,-0.01445,0.0,0.125,Hold,0.0097,0.00219,0.9354,0.125,US,-0.6015,-0.05553,0.2213,0.125,,,-0.02195,0.0,-0.08896,0.0,,
2011-01-31,US,-0.3349,19.53,0.125,0.625,0.125,0.0,-0.063,0.032,-0.0155,0.032,0.125,US,-0.5149,-0.02464,0.0,0.125,US,-0.7316,-0.03704,-0.9932,0.125,US,-0.7027,0.125,US,-0.7999,0.125,KR,0.7642,0.05399,0.0,0.125,Hold,-0.0122,0.00137,0.9354,0.125,US,-0.3469,-0.06935,0.047,0.125,,,-0.10211,0.0,-0.10416,0.0,,
2011-02-28,US,-0.7035,18.35,0.0,0.875,0.0,0.0,0.0863,-0.001,0.0426,-0.001,0.125,US,-0.7962,-0.11401,0.0,0.125,US,-0.7554,-0.11103,-0.9915,0.125,US,-0.8,0.125,US,-0.64,0.125,US,-0.8,-0.18663,0.0,0.125,US,-0.5189,-0.07485,0.9809,0.125,US,-0.6141,-0.14427,0.1635,0.125,,,-0.1657,0.0,-0.24113,0.0,,
2011-03-31,US,-0.2973,17.74,0.25,0.625,0.0,0.0,0.0407,0.0285,0.0346,0.0285,0.125,US,-0.6115,-0.03567,0.0,0.125,US,-0.4393,-0.00685,-0.9905,0.125,US,-0.6374,0.125,US,-0.64,0.125,KR,0.4206,0.07572,0.0,0.125,KR,0.4311,0.0941,0.8565,0.125,US,-0.6049,-0.09722,0.2222,0.125,,,-0.11736,0.0,-0.11303,0.0,,
2011-04-29,US,-0.2869,14.75,0.25,0.625,0.0,0.0,-0.0228,-0.0135,-0.0181,-0.0135,0.125,US,-0.3507,-0.00513,0.0,0.125,US,-0.1704,0.00471,-0.9912,0.125,US,-0.8,0.125,US,-0.7988,0.125,KR,0.3197,0.08103,0.0,0.125,KR,0.5023,0.1053,0.5649,0.125,US,-0.7103,-0.0874,0.4815,0.125,,,-0.12433,0.0,-0.10796,0.0,,
2011-05-31,US,-0.4503,15.45,0.25,0.625,0.0,0.0,-0.0195,-0.0183,-0.0189,-0.0183,0.125,US,-0.7902,-0.04803,0.0,0.125,US,-0.9422,-0.04918,-0.989,0.125,US,-0.8,0.125,US,-0.6654,0.125,KR,0.32,0.16072,0.0,0.125,KR,0.2997,0.15259,-0.5511,0.125,US,-0.5737,-0.06194,0.426,0.125,,,-0.17652,0.0,-0.02069,0.0,,
2011-06-30,US,-0.27,16.52,0.25,0.625,0.0,0.0,0.0155,-0.0215,-0.003,-0.0215,0.125,US,-0.6385,-0.10844,0.0,0.125,US,-0.2717,0.0003,-0.9915,0.125,US,-0.799,0.125,US,-0.2708,0.125,KR,0.3957,0.04448,0.0,0.125,KR,0.2633,0.09344,-0.8668,0.125,US,-0.5687,-0.02095,0.3346,0.125,,,-0.07665,0.0,-0.0138,0.0,,
2011-07-29,KR,0.197,25.25,0.625,0.125,0.125,0.003,-0.1186,-0.0568,-0.0877,-0.1216,0.125,US,-0.7799,-0.1009,0.0,0.125,KR,0.501,0.04438,-0.9855,0.125,KR,0.4431,0.125,KR,0.7806,0.125,Hold,0.0077,0.00711,0.0,0.125,KR,0.2551,0.07601,-0.9217,0.125,KR,0.1716,0.00307,-0.4815,0.125,,,0.16851,0.0,0.07975,0.0,,
2011-08-31,Neutral,0.0943,31.62,0.5,0.375,0.0,0.003,-0.0588,-0.0718,-0.0653,-0.0683,0.125,US,-0.6063,-0.14641,0.0,0.125,KR,0.4987,0.03762,-0.9661,0.125,KR,0.584,0.125,KR,0.7974,0.125,US,-0.5823,-0.02765,0.0,0.125,KR,0.2768,0.04576,-0.9997,0.125,US,-0.3083,-0.01129,-0.8217,0.125,,,0.04331,0.0,0.06554,0.0,,
2011-09-30,Neutral,-0.0448,42.96,0.625,0.25,0.0,0.0,0.0788,0.1077,0.0932,0.0932,0.125,US,-0.724,-0.02694,0.0,0.125,KR,0.2792,0.06142,-0.9316,0.125,KR,0.3051,0.125,KR,0.1914,0.125,US,-0.7995,-0.07836,0.0,0.125,KR,0.2477,0.08463,-1.0,0.125,KR,0.1867,0.00685,-0.9799,0.125,,,0.0414,0.0,0.01554,0.0,,
2011-10-31,US,-0.4991,29.96,0.125,0.75,0.0,0.003,-0.0322,-0.0051,-0.0186,-0.0081,0.125,US,-0.6162,-0.05511,0.0,0.125,US,-0.4384,-0.04969,-0.9579,0.125,KR,0.1057,0.125,US,-0.6383,0.125,US,-0.8,-0.15017,0.0,0.125,US,-0.7589,-0.06786,-0.9949,0.125,US,-0.348,-0.0036,-0.7599,0.125,,,0.01119,0.0,-0.06505,0.0,,
2011-11-30,US,-0.4012,27.8,0.125,0.625,0.125,0.0,-0.0118,0.0085,-0.0016,0.0085,0.125,KR,0.2226,0.02163,0.0,0.125,US,-0.1242,-0.00565,-0.9498,0.125,US,-0.4065,0.125,US,-0.7461,0.125,US,-0.7954,-0.1851,0.0,0.125,US,-0.8976,-0.06325,-0.664,0.125,Hold,-0.0615,-0.00473,-0.6527,0.125,,,-0.01639,0.0,-0.11289,0.0,,
2011-12-30,US,-0.5508,23.4,0.0,0.875,0.0,0.0,0.0709,0.0436,0.0572,0.0436,0.125,US,-0.3159,-0.00674,0.0,0.125,US,-0.4574,-0.09999,-0.9275,0.125,US,-0.6389,0.125,US,-0.6332,0.125,US,-0.6236,-0.1687,0.0,0.125,US,-0.5037,-0.1125,0.968,0.125,US,-0.683,-0.04834,-0.3275,0.125,,,-0.06748,0.0,-0.0924,0.0,,
2012-01-31,US,-0.5983,19.44,0.125,0.75,0.0,0.0,0.0381,0.0406,0.0393,0.0406,0.125,KR,0.3186,0.02621,0.0,0.125,US,-0.9329,-0.04545,-0.9232,0.125,US,-0.8,0.125,US,-0.7998,0.125,US,-0.7011,-0.0241,0.0,0.125,US,-0.6759,-0.11351,0.7259,0.125,US,-0.597,-0.03301,0.0559,0.125,,,-0.12178,0.0,-0.09344,0.0,,
2012-02-29,US,-0.6043,18.43,0.125,0.75,0.0,0.0,-0.008,0.0313,0.0117,0.0313,0.125,KR,0.2889,0.02283,0.0,0.125,US,-0.9249,-0.08353,-0.9329,0.125,US,-0.7986,0.125,US,-0.7561,0.125,US,-0.6233,-0.04036,0.0,0.125,US,-0.6477,-0.11086,0.9992,0.125,US,-0.7684,-0.07437,0.1557,0.125,,,-0.1776,0.0,-0.03275,0.0,,
2012-03-30,US,-0.5939,15.5,0.0,0.875,0.0,0.0,-0.0159,-0.0075,-0.0117,-0.0075,0.125,US,-0.6308,-0.01824,0.0,0.125,US,-0.4709,-0.10682,-0.9562,0.125,US,-0.7892,0.125,US,-0.3147,0.125,US,-0.7329,-0.0283,0.0,0.125,US,-0.6445,-0.12772,0.9935,0.125,US,-0.5744,-0.06277,0.4219,0.125,,,-0.17083,0.0,-0.04559,0.0,,
2012-04-30,US,-0.4642,17.15,0.0,0.75,0.125,0.0,-0.0699,-0.0627,-0.0663,-0.0627,0.125,Hold,-0.0299,-0.0022,0.0,0.125,US,-0.4589,-0.12569,-0.9329,0.125,US,-0.7994,0.125,US,-0.6343,0.125,US,-0.6391,-0.15888,0.0,0.125,US,-0.4094,-0.01349,0.8397,0.125,US,-0.2781,-0.08965,0.2775,0.125,,,-0.2393,0.0,-0.06622,0.0,,
2012-05-31,US,-0.7913,24.06,0.0,0.875,0.0,0.0,0.0057,0.0396,0.0226,0.0396,0.125,US,-0.6364,-0.05592,0.0,0.125,US,-0.9052,-0.03779,-0.8668,0.125,US,-0.8,0.125,US,-0.7992,0.125,US,-0.6242,-0.01762,0.0,0.125,US,-0.9027,-0.03253,-0.9611,0.125,US,-0.8715,-0.06461,-0.3851,0.125,,,-0.13721,0.0,-0.07397,0.0,,
2012-06-29,US,-0.6761,17.08,0.0,0.875,0.0,0.0,0.0151,0.0126,0.0138,0.0126,0.125,US,-0.772,-0.03775,0.0,0.125,US,-0.6099,-0.04675,-0.8717,0.125,US,-0.4084,0.125,US,-0.7119,0.125,US,-0.7749,-0.04721,0.0,0.125,US,-0.8345,-0.0483,-0.5915,0.125,US,-0.6213,-0.02411,0.284,0.125,,,-0.00725,0.0,-0.04901,0.0,,
2012-07-31,US,-0.6797,18.93,0.0,0.875,0.0,0.0,0.0123,0.0198,0.016,0.0198,0.125,US,-0.7921,-0.05018,0.0,0.125,US,-0.9355,-0.07136,-0.8565,0.125,US,-0.1464,0.125,US,-0.6275,0.125,US,-0.7752,-0.04251,0.0,0.125,US,-0.7312,-0.0225,-0.2355,0.125,US,-0.7502,-0.0374,0.1066,0.125,,,-0.00025,0.0,-0.04461,0.0,,
2012-08-31,US,-0.395,17.47,0.25,0.625,0.0,0.0,0.0478,0.0242,0.036,0.0242,0.125,US,-0.6397,-0.08042,0.0,0.125,US,-0.7523,-0.0836,-0.8741,0.125,KR,0.3998,0.125,US,-0.7723,0.125,US,-0.798,-0.06415,0.0,0.125,US,-0.6374,-0.04468,0.9611,0.125,KR,0.4348,0.04459,0.2477,0.125,,,0.08499,0.0,-0.03745,0.0,,
2012-09-28,US,-0.283,15.73,0.25,0.625,0.0,0.0,-0.0422,-0.0198,-0.031,-0.0198,0.125,US,-0.492,-0.01705,0.0,0.125,US,-0.7462,-0.04843,-0.8896,0.125,KR,0.4,0.125,US,-0.4035,0.125,US,-0.6113,-0.03493,0.0,0.125,US,-0.6327,-0.03981,0.9217,0.125,KR,0.5046,0.05602,0.4028,0.125,,,0.10871,0.0,-0.00711,0.0,,
2012-10-31,US,-0.2047,18.6,0.375,0.5,0.0,0.0,0.0109,0.0028,0.0069,0.0028,0.125,KR,0.3137,0.02521,0.0,0.125,US,-0.4588,-0.0712,-0.8896,0.125,KR,0.4,0.125,US,-0.7635,0.125,US,-0.5976,-0.03382,0.0,0.125,US,-0.6688,-0.12745,0.7857,0.125,KR,0.3422,0.10667,0.1391,0.125,,,0.19657,0.0,-0.03585,0.0,,
2012-11-30,Neutral,0.0208,15.87,0.375,0.5,0.0,0.003,0.0332,0.0071,0.0201,0.0171,0.125,KR,0.6293,0.05878,0.0,0.125,US,-0.439,-0.09089,-0.8787,0.125,KR,0.32,0.125,US,-0.362,0.125,US,-0.1467,-0.01158,0.0,0.125,US,-0.7244,-0.09402,0.3969,0.125,KR,0.8683,0.05762,0.391,0.125,,,0.10505,0.0,-0.05741,0.0,,
2012-12-31,Neutral,-0.0064,18.02,0.5,0.375,0.0,0.0,-0.0341,0.0504,0.0082,0.0082,0.125,KR,0.339,0.04716,0.0,0.125,US,-0.7043,-0.05486,-0.9104,0.125,KR,0.3995,0.125,US,-0.5867,0.125,KR,0.5848,0.02819,0.0,0.125,US,-0.5207,-0.08116,0.664,0.125,KR,0.4433,0.07593,0.1955,0.125,,,0.07689,0.0,-0.07123,0.0,,
2013-01-31,US,-0.4269,14.28,0.125,0.625,0.125,0.003,0.0329,0.0111,0.022,0.0081,0.125,US,-0.5691,-0.0254,0.0,0.125,US,-0.7336,-0.03659,-0.9414,0.125,KR,0.3474,0.125,US,-0.8,0.125,US,-0.6203,-0.09276,0.0,0.125,US,-0.6591,-0.14994,0.8764,0.125,Hold,0.0462,0.00556,0.5168,0.125,,,0.03082,0.0,-0.12011,0.0,,
2013-02-28,US,-0.2535,15.51,0.25,0.625,0.0,0.0,-0.0107,0.036,0.0127,0.036,0.125,KR,0.4434,0.05566,0.0,0.125,US,-0.6062,-0.01535,-0.9275,0.125,KR,0.3172,0.125,US,-0.6872,0.125,US,-0.4042,-0.07033,0.0,0.125,US,-0.6445,-0.04588,0.8764,0.125,US,-0.1926,-0.00242,0.4211,0.125,,,0.05849,0.0,-0.11387,0.0,,
2013-03-29,US,-0.4954,12.7,0.125,0.75,0.0,0.0,-0.0204,0.0227,0.0011,0.0227,0.125,KR,0.144,0.01494,0.0,0.125,US,-0.7563,-0.09751,-0.9246,0.125,US,-0.3886,0.125,US,-0.6392,0.125,US,-0.6356,-0.17747,0.0,0.125,US,-0.6409,-0.10678,0.7616,0.125,US,-0.551,-0.07549,0.6231,0.125,,,-0.00651,0.0,-0.18972,0.0,,
2013-04-30,US,-0.3534,13.52,0.125,0.625,0.125,0.0,0.0189,0.0208,0.0198,0.0208,0.125,KR,0.4683,0.01981,0.0,0.125,US,-0.5442,-0.10947,-0.9015,0.125,Hold,-0.062,0.125,US,-0.6396,0.125,US,-0.5144,-0.11947,0.0,0.125,US,-0.563,-0.1362,0.5227,0.125,US,-0.6188,-0.0427,0.5703,0.125,,,0.00468,0.0,-0.21694,0.0,,
2013-05-31,US,-0.6658,16.3,0.0,0.875,0.0,0.0,-0.0688,-0.015,-0.0419,-0.015,0.125,US,-0.3152,-0.00671,0.0,0.125,US,-0.9435,-0.11016,-0.9527,0.125,US,-0.7998,0.125,US,-0.8,0.125,US,-0.768,-0.12373,0.0,0.125,US,-0.6888,-0.08525,0.6169,0.125,US,-0.3453,-0.05286,0.354,0.125,,,-0.08551,0.0,-0.18724,0.0,,
2013-06-28,US,-0.6673,16.86,0.0,0.875,0.0,0.0,0.0272,0.0495,0.0383,0.0495,0.125,US,-0.7974,-0.06134,0.0,0.125,US,-0.4456,-0.13117,-0.9737,0.125,US,-0.64,0.125,US,-0.7159,0.125,US,-0.6005,-0.16444,0.0,0.125,US,-0.899,-0.09016,-0.6169,0.125,US,-0.5728,-0.09236,0.3041,0.125,,,-0.12157,0.0,-0.19372,0.0,,
2013-07-31,US,-0.7765,13.45,0.0,0.875,0.0,0.0,0.0064,-0.0313,-0.0124,-0.0313,0.125,US,-0.6397,-0.08009,0.0,0.125,US,-0.9494,-0.10177,-0.9797,0.125,US,-0.7122,0.125,US,-0.8,0.125,US,-0.7955,-0.0568,0.0,0.125,US,-0.8536,-0.05223,-0.3095,0.125,US,-0.6849,-0.04663,0.575,0.125,,,-0.02539,0.0,-0.14852,0.0,,
2013-08-30,US,-0.7352,17.01,0.0,0.875,0.0,0.0,0.0366,0.0297,0.0332,0.0297,0.125,US,-0.7907,-0.04883,0.0,0.125,US,-0.74,-0.05421,-0.9833,0.125,US,-0.7996,0.125,US,-0.7998,0.125,US,-0.6256,-0.04208,0.0,0.125,US,-0.7044,-0.01776,-0.4136,0.125,US,-0.6865,-0.03183,0.2904,0.125,,,-0.08033,0.0,-0.08703,0.0,,
2013-09-30,US,-0.2757,16.6,0.25,0.625,0.0,0.0,0.0166,0.0446,0.0306,0.0446,0.125,US,-0.5778,-0.01484,0.0,0.125,US,-0.6075,-0.00918,-0.9805,0.125,US,-0.4864,0.125,US,-0.4002,0.125,KR,0.3585,0.03323,0.0,0.125,US,-0.6744,-0.04601,0.6411,0.125,KR,0.4579,0.01371,0.3275,0.125,,,-0.01039,0.0,-0.06234,0.0,,
2013-10-31,US,-0.4321,13.75,0.125,0.75,0.0,0.0,0.0073,0.028,0.0177,0.028,0.125,US,-0.6006,-0.0315,0.0,0.125,KR,0.1921,0.02305,-0.9785,0.125,US,-0.7971,0.125,US,-0.7997,0.125,US,-0.3803,-0.0063,0.0,0.125,US,-0.3308,-0.01944,0.6044,0.125,US,-0.3083,-0.06227,0.5546,0.125,,,-0.10882,0.0,-0.08443,0.0,,
2013-11-29,US,-0.5403,13.7,0.0,0.875,0.0,0.0,-0.0164,0.0236,0.0036,0.0236,0.125,US,-0.2658,-0.00448,0.0,0.125,US,-0.7502,-0.04486,-0.9858,0.125,US,-0.6399,0.125,US,-0.8,0.125,US,-0.304,-0.00639,0.0,0.125,US,-0.5011,-0.05298,0.7857,0.125,US,-0.5208,-0.03982,0.5581,0.125,,,-0.09211,0.0,-0.11904,0.0,,
2013-12-31,US,-0.5095,13.72,0.0,0.875,0.0,0.0,-0.0132,-0.0356,-0.0244,-0.0356,0.125,US,-0.7849,-0.04383,0.0,0.125,US,-0.2543,0.00078,-0.9903,0.125,US,-0.4429,0.125,US,-0.6395,0.125,US,-0.5282,-0.0275,0.0,0.125,US,-0.6538,-0.10403,0.9302,0.125,US,-0.2629,-0.02918,0.5567,0.125,,,-0.11484,0.0,-0.12396,0.0,,
2014-01-31,US,-0.426,18.41,0.125,0.625,0.125,0.0,0.0313,0.0431,0.0372,0.0431,0.125,US,-0.7023,-0.02724,0.0,0.125,US,-0.8315,-0.02253,-0.9812,0.125,US,-0.7994,0.125,US,-0.3779,0.125,US,-0.4719,-0.04695,0.0,0.125,Hold,-0.0657,0.00259,0.2913,0.125,KR,0.2667,0.01838,0.1577,0.125,,,-0.08358,0.0,-0.00734,0.0,,
2014-02-28,US,-0.4229,14.0,0.125,0.75,0.0,0.0,0.0028,0.0069,0.0049,0.0069,0.125,US,-0.7405,-0.02953,0.0,0.125,US,-0.7231,-0.01465,-0.9812,0.125,US,-0.4667,0.125,US,-0.5159,0.125,US,-0.3438,-0.05855,0.0,0.125,US,-0.5136,-0.05531,0.6963,0.125,KR,0.3432,0.00539,0.537,0.125,,,-0.08913,0.0,-0.03078,0.0,,
2014-03-31,US,-0.5667,13.88,0.125,0.75,0.0,0.0,-0.012,0.0062,-0.0029,0.0062,0.125,US,-0.7563,-0.03294,0.0,0.125,US,-0.7521,-0.08278,-0.9797,0.125,US,-0.7348,0.125,US,-0.6223,0.125,US,-0.7995,-0.115,0.0,0.125,KR,0.3774,0.02352,0.4301,0.125,US,-0.6794,-0.04272,0.5455,0.125,,,-0.12853,0.0,-0.04133,0.0,,
2014-04-30,US,-0.3732,13.41,0.0,0.875,0.0,0.0,0.0169,0.021,0.019,0.021,0.125,US,-0.2106,-0.01663,0.0,0.125,US,-0.4414,-0.08188,-0.978,0.125,US,-0.4006,0.125,US,-0.3988,0.125,US,-0.4288,-0.14608,0.0,0.125,US,-0.2477,-0.03515,0.6751,0.125,US,-0.4843,-0.02507,0.5777,0.125,,,-0.09305,0.0,-0.06534,0.0,,
2014-05-30,US,-0.686,11.4,0.0,0.875,0.0,0.0,0.0036,0.0191,0.0113,0.0191,0.125,US,-0.5535,-0.01358,0.0,0.125,US,-0.9416,-0.04985,-0.971,0.125,US,-0.7973,0.125,US,-0.7206,0.125,US,-0.6392,-0.15066,0.0,0.125,US,-0.5534,-0.02589,0.1194,0.125,US,-0.5959,-0.02591,0.6963,0.125,,,-0.13727,0.0,-0.02648,0.0,,
2014-06-30,US,-0.3839,11.57,0.125,0.625,0.125,0.0,0.0369,-0.0151,0.0109,-0.0151,0.125,KR,0.1446,0.01498,0.0,0.125,US,-0.7546,-0.05251,-0.968,0.125,US,-0.7998,0.125,US,-0.1341,0.125,US,-0.6323,-0.11027,0.0,0.125,US,-0.5424,-0.03148,0.3799,0.125,Hold,0.0316,0.00406,0.6874,0.125,,,-0.08564,0.0,0.00221,0.0,,
2014-07-31,Neutral,0.039,16.95,0.5,0.375,0.0,0.003,-0.0037,0.0377,0.017,0.014,0.125,US,-0.6823,-0.02221,0.0,0.125,KR,0.2602,0.08093,-0.9674,0.125,US,-0.4,0.125,KR,0.7949,0.125,US,-0.4062,-0.06222,0.0,0.125,KR,0.249,0.02985,-0.5784,0.125,KR,0.4577,0.0984,0.2959,0.125,,,-0.12762,0.0,0.05455,0.0,,
2014-08-29,US,-0.1708,12.09,0.375,0.5,0.0,0.003,-0.0234,-0.0155,-0.0195,-0.0185,0.125,US,-0.6338,-0.05035,0.0,0.125,KR,0.188,0.04263,-0.9536,0.125,US,-0.639,0.125,KR,0.313,0.125,US,-0.3264,-0.11939,0.0,0.125,US,-0.5104,-0.01805,-0.04,0.125,KR,0.4129,0.08529,0.6652,0.125,,,-0.11002,0.0,0.04809,0.0,,
2014-09-30,US,-0.3236,16.31,0.25,0.5,0.125,0.0,-0.0276,0.0232,-0.0022,0.0232,0.125,US,-0.7932,-0.05526,0.0,0.125,Hold,-0.0486,0.01099,-0.9595,0.125,US,-0.592,0.125,KR,0.3977,0.125,US,-0.7632,-0.0581,0.0,0.125,US,-0.9467,-0.08024,-0.9402,0.125,KR,0.4812,0.10958,0.3531,0.125,,,-0.01565,0.0,0.06054,0.0,,
2014-10-31,US,-0.4314,14.03,0.0,0.875,0.0,0.0,0.0083,0.0245,0.0164,0.0245,0.125,US,-0.5766,-0.07183,0.0,0.125,US,-0.353,-0.00456,-0.9517,0.125,US,-0.3213,0.125,US,-0.2361,0.125,US,-0.6114,-0.11008,0.0,0.125,US,-0.6436,-0.15607,-0.4777,0.125,US,-0.278,-0.0088,0.5349,0.125,,,-0.09114,0.0,-0.02337,0.0,,
2014-11-28,US,-0.4946,13.33,0.125,0.75,0.0,0.0,-0.0329,-0.0042,-0.0185,-0.0042,0.125,US,-0.6391,-0.07136,0.0,0.125,US,-0.7473,-0.04549,-0.9366,0.125,US,-0.64,0.125,US,-0.553,0.125,KR,0.416,0.05911,0.0,0.125,US,-0.7567,-0.15384,-0.9275,0.125,US,-0.5421,-0.04219,0.583,0.125,,,-0.10933,0.0,-0.02306,0.0,,
2014-12-31,US,-0.4582,19.2,0.0,0.75,0.125,0.0,0.0118,-0.031,-0.0096,-0.031,0.125,US,-0.321,-0.06608,0.0,0.125,US,-0.6372,-0.10508,-0.9051,0.125,US,-0.3199,0.125,US,-0.5476,0.125,Hold,-0.0659,-0.0102,0.0,0.125,US,-0.7492,-0.15753,-0.8565,0.125,US,-0.5665,-0.08887,0.0798,0.125,,,-0.07999,0.0,-0.0698,0.0,,
2015-01-30,US,-0.1155,20.97,0.375,0.5,0.0,0.0,0.0187,0.0549,0.0368,0.0549,0.125,KR,0.6377,0.03115,0.0,0.125,US,-0.847,-0.03464,-0.8367,0.125,US,-0.1415,0.125,US,-0.7012,0.125,KR,0.7303,0.14202,0.0,0.125,US,-0.6848,-0.10001,-0.9667,0.125,KR,0.1979,0.001,-0.0967,0.125,,,-0.01291,0.0,-0.0285,0.0,,
2015-02-27,US,-0.4178,13.34,0.125,0.75,0.0,0.0,0.0278,-0.0174,0.0052,-0.0174,0.125,US,-0.7843,-0.08277,0.0,0.125,US,-0.7426,-0.13235,-0.8787,0.125,US,-0.1677,0.125,US,-0.7313,0.125,KR,0.4035,0.14841,0.0,0.125,US,-0.5993,-0.17229,0.2543,0.125,US,-0.3028,-0.03513,0.5823,0.125,,,-0.00102,0.0,-0.02852,0.0,,
2015-03-31,Neutral,-0.0189,15.29,0.375,0.375,0.125,0.003,0.0422,0.0085,0.0254,0.0224,0.125,Hold,0.0795,0.00238,0.0,0.125,US,-0.7234,-0.03922,-0.881,0.125,KR,0.4,0.125,US,-0.1442,0.125,KR,0.3286,0.12785,0.0,0.125,US,-0.4766,-0.09056,0.4136,0.125,KR,0.4039,0.06259,0.439,0.125,,,0.19978,0.0,-0.00768,0.0,,
2015-04-30,Neutral,0.0874,14.55,0.5,0.25,0.125,0.0,-0.0058,0.0105,0.0023,0.0023,0.125,US,-0.4645,-0.0611,0.0,0.125,Hold,0.0024,0.01316,-0.8996,0.125,KR,0.4,0.125,KR,0.5127,0.125,KR,0.32,0.19867,0.0,0.125,US,-0.6508,-0.05602,0.9154,0.125,KR,0.4919,0.10327,0.4968,0.125,,,0.29572,0.0,0.0414,0.0,,
2015-05-29,Neutral,-0.0503,13.84,0.5,0.375,0.0,0.0,-0.0192,-0.021,-0.0201,-0.0201,0.125,US,-0.5054,-0.02557,0.0,0.125,US,-0.7299,-0.01527,-0.9069,0.125,KR,0.4,0.125,KR,0.3708,0.125,KR,0.4,0.11939,0.0,0.125,US,-0.7874,-0.03646,-0.1194,0.125,KR,0.4998,0.10122,0.5483,0.125,,,0.36642,0.0,0.0364,0.0,,
2015-06-30,Neutral,0.0175,18.23,0.5,0.375,0.0,0.0,-0.0212,0.0197,-0.0007,-0.0007,0.125,US,-0.5482,-0.06733,0.0,0.125,US,-0.2159,0.00394,-0.9366,0.125,KR,0.4,0.125,KR,0.3992,0.125,KR,0.32,0.24314,0.0,0.125,US,-0.8782,-0.09315,-0.493,0.125,KR,0.6458,0.14324,0.1752,0.125,,,0.39011,0.0,0.07192,0.0,,
2015-07-31,US,-0.2042,12.12,0.375,0.5,0.0,0.003,-0.0437,-0.0626,-0.0531,-0.0656,0.125,US,-0.8,-0.18084,0.0,0.125,US,-0.7553,-0.09416,-0.9104,0.125,KR,0.32,0.125,US,-0.2499,0.125,KR,0.4,0.13133,0.0,0.125,US,-0.7555,-0.10373,-0.9121,0.125,KR,0.411,0.06663,0.6573,0.125,,,0.12697,0.0,-0.00379,0.0,,
2015-08-31,KR,0.1428,28.43,0.625,0.25,0.0,0.003,0.011,-0.0264,-0.0077,0.008,0.125,US,-0.3203,-0.09327,0.0,0.125,US,-0.3878,-0.01903,-0.8996,0.125,KR,0.3201,0.125,KR,0.1625,0.125,KR,0.4656,0.09951,0.0,0.125,KR,0.4083,0.01417,-0.9776,0.125,KR,0.3509,0.09853,-0.6874,0.125,,,0.16101,0.0,0.01263,0.0,,
2015-09-30,Neutral,0.0925,24.5,0.625,0.25,0.0,0.003,0.034,0.083,0.0585,0.0555,0.125,US,-0.4776,-0.06395,0.0,0.125,KR,0.2731,0.02704,-0.8896,0.125,KR,0.3165,0.125,US,-0.484,0.125,KR,0.4208,0.19945,0.0,0.125,KR,0.2801,0.05412,-0.9969,0.125,KR,0.3189,0.06567,-0.4219,0.125,,,0.05603,0.0,-0.0168,0.0,,
2015-10-30,US,-0.3052,15.07,0.25,0.625,0.0,0.003,-0.0185,0.0005,-0.009,-0.0025,0.125,US,-0.5689,-0.0684,0.0,0.125,US,-0.1472,-0.00708,-0.8875,0.125,KR,0.3199,0.125,US,-0.5866,0.125,KR,0.3242,0.07527,0.0,0.125,US,-0.8547,-0.06023,-0.8455,0.125,US,-0.6233,-0.0317,0.4566,0.125,,,0.08835,0.0,-0.05871,0.0,,
2015-11-30,US,-0.3688,16.13,0.25,0.625,0.0,0.0,-0.0154,-0.0175,-0.0165,-0.0175,0.125,US,-0.7272,-0.02807,0.0,0.125,US,-0.7449,-0.08592,-0.8538,0.125,KR,0.32,0.125,US,-0.8,0.125,KR,0.5018,0.1108,0.0,0.125,US,-0.7087,-0.07326,-0.8764,0.125,US,-0.4228,-0.01229,0.3688,0.125,,,0.18741,0.0,-0.10736,0.0,,
2015-12-31,US,-0.1589,18.21,0.25,0.625,0.0,0.0,-0.0035,-0.0507,-0.0271,-0.0507,0.125,US,-0.3082,-0.04074,0.0,0.125,US,-0.5344,-0.06201,-0.8367,0.125,KR,0.3053,0.125,US,-0.4608,0.125,KR,0.6383,0.16157,0.0,0.125,US,-0.4618,-0.03295,-0.5784,0.125,US,-0.2909,-0.06796,0.1771,0.125,,,0.04161,0.0,-0.11263,0.0,,
2016-01-29,KR,0.1177,20.2,0.5,0.375,0.0,0.003,0.0024,-0.0041,-0.0009,-0.0006,0.125,US,-0.3534,-0.02663,0.0,0.125,KR,0.2779,0.03066,-0.8275,0.125,KR,0.4,0.125,US,-0.6178,0.125,KR,0.8,0.13809,0.0,0.125,KR,0.617,0.03721,-0.9988,0.125,US,-0.2999,-0.02315,-0.02,0.125,,,0.28424,0.0,-0.03845,0.0,,
2016-02-29,Neutral,0.0202,20.55,0.5,0.375,0.0,0.003,0.0413,0.066,0.0537,0.0507,0.125,US,-0.2285,-0.00298,0.0,0.125,KR,0.4279,0.02673,-0.7443,0.125,KR,0.3183,0.125,US,-0.6362,0.125,KR,0.4679,0.19713,0.0,0.125,KR,0.6009,0.032,-0.9917,0.125,US,-0.8087,-0.06276,-0.0549,0.125,,,0.06323,0.0,-0.12175,0.0,,
2016-03-31,US,-0.1871,13.95,0.375,0.5,0.0,0.003,-0.0009,0.0027,0.0009,-0.0003,0.125,US,-0.7978,-0.07611,0.0,0.125,KR,0.1342,0.0085,-0.7818,0.125,KR,0.3261,0.125,US,-0.3815,0.125,KR,0.6391,0.1052,0.0,0.125,US,-0.6689,-0.06288,-0.1974,0.125,US,-0.561,-0.09684,0.5406,0.125,,,0.13586,0.0,-0.14841,0.0,,
2016-04-29,US,-0.4327,15.7,0.125,0.625,0.125,0.0,-0.0054,0.0153,0.005,0.0153,0.125,Hold,0.0206,0.00576,0.0,0.125,US,-0.6221,-0.01924,-0.7857,0.125,US,-0.6496,0.125,US,-0.7659,0.125,US,-0.7289,-0.05127,0.0,0.125,US,-0.6249,-0.03958,0.9951,0.125,KR,0.3422,0.00222,0.4053,0.125,,,-0.01999,0.0,-0.0889,0.0,,
2016-05-31,US,-0.333,14.19,0.25,0.625,0.0,0.0,-0.0066,0.0009,-0.0028,0.0009,0.125,US,-0.382,-0.03851,0.0,0.125,US,-0.8333,-0.05642,-0.7487,0.125,KR,0.2953,0.125,US,-0.7346,0.125,US,-0.7901,-0.04866,0.0,0.125,US,-0.2163,-0.05526,0.9984,0.125,KR,0.3299,0.00605,0.5234,0.125,,,0.03636,0.0,-0.05735,0.0,,
2016-06-30,US,-0.1669,15.63,0.25,0.625,0.0,0.0,0.0233,0.0356,0.0294,0.0356,0.125,KR,0.7385,0.03116,0.0,0.125,US,-0.3962,-0.03622,-0.7211,0.125,KR,0.309,0.125,US,-0.4386,0.125,US,-0.5347,-0.18814,0.0,0.125,US,-0.2369,-0.04129,0.9275,0.125,US,-0.6092,-0.0241,0.4112,0.125,,,0.04459,0.0,-0.02643,0.0,,
2016-07-29,US,-0.6415,11.87,0.0,0.875,0.0,0.0,0.0092,-0.0012,0.004,-0.0012,0.125,US,-0.3077,-0.00363,0.0,0.125,US,-0.8847,-0.03638,-0.6584,0.125,US,-0.64,0.125,US,-0.7994,0.125,US,-0.7532,-0.0687,0.0,0.125,US,-0.6616,-0.10347,0.8511,0.125,US,-0.444,-0.06498,0.6712,0.125,,,-0.13956,0.0,-0.07719,0.0,,
2016-08-31,US,-0.5044,13.42,0.125,0.75,0.0,0.0,0.0044,-0.0012,0.0016,-0.0012,0.125,KR,0.3905,0.0483,0.0,0.125,US,-0.8743,-0.03357,-0.6527,0.125,US,-0.6393,0.125,US,-0.3491,0.125,US,-0.7195,-0.11141,0.0,0.125,US,-0.6437,-0.04885,0.9402,0.125,US,-0.6956,-0.08449,0.577,0.125,,,-0.07228,0.0,-0.00508,0.0,,
2016-09-30,US,-0.1627,13.29,0.125,0.5,0.25,0.0,-0.0173,-0.0194,-0.0184,-0.0194,0.125,KR,0.243,0.02437,0.0,0.125,Hold,0.033,0.00264,-0.6805,0.125,US,-0.8,0.125,US,-0.2031,0.125,US,-0.3199,-0.09314,0.0,0.125,US,-0.1335,-0.01048,0.9861,0.125,Hold,0.0419,-0.00942,0.5856,0.125,,,-0.11812,0.0,-0.01556,0.0,,
2016-10-31,US,-0.2927,17.06,0.375,0.5,0.0,0.0,-0.0123,0.0342,0.0109,0.0342,0.125,KR,0.3094,0.02505,0.0,0.125,KR,0.2082,0.04568,-0.7531,0.125,US,-0.8,0.125,US,-0.7997,0.125,US,-0.7204,-0.02654,0.0,0.125,KR,0.3492,0.02254,0.9154,0.125,US,-0.5953,-0.08745,0.2858,0.125,,,-0.25308,0.0,-0.08212,0.0,,
2016-11-30,US,-0.4696,13.33,0.125,0.75,0.0,0.0,0.0217,0.0182,0.0199,0.0182,0.125,KR,0.164,0.01407,0.0,0.125,US,-0.542,-0.08005,-0.8511,0.125,US,-0.64,0.125,US,-0.7999,0.125,US,-0.3268,-0.09808,0.0,0.125,US,-0.5337,-0.10807,0.664,0.125,US,-0.6089,-0.05927,0.583,0.125,,,-0.25016,0.0,-0.15329,0.0,,
2016-12-30,US,-0.4937,14.04,0.125,0.75,0.0,0.0,0.0204,0.0179,0.0192,0.0179,0.125,KR,0.2989,0.02198,0.0,0.125,US,-0.7502,-0.09553,-0.8483,0.125,US,-0.8,0.125,US,-0.6399,0.125,US,-0.3958,-0.01076,0.0,0.125,US,-0.6121,-0.03501,0.9087,0.125,US,-0.5571,-0.08926,0.5342,0.125,,,-0.19306,0.0,-0.13556,0.0,,
2017-01-31,US,-0.5274,11.99,0.125,0.75,0.0,0.0,0.0116,0.0372,0.0244,0.0372,0.125,KR,0.3982,0.06494,0.0,0.125,US,-0.7293,-0.06616,-0.8511,0.125,US,-0.8,0.125,US,-0.7999,0.125,US,-0.4277,-0.00803,0.0,0.125,US,-0.6521,-0.12456,0.9488,0.125,US,-0.681,-0.06112,0.6646,0.125,,,-0.22487,0.0,-0.13738,0.0,,
2017-02-28,US,-0.5725,12.92,0.125,0.75,0.0,0.0,0.0328,-0.0004,0.0162,-0.0004,0.125,US,-0.7103,-0.02516,0.0,0.125,US,-0.9184,-0.08221,-0.8144,0.125,US,-0.8,0.125,US,-0.6399,0.125,KR,0.385,0.03813,0.0,0.125,US,-0.6344,-0.04213,0.9508,0.125,US,-0.6897,-0.06635,0.6094,0.125,,,-0.11389,0.0,-0.13125,0.0,,
2017-03-31,US,-0.2633,12.37,0.25,0.625,0.0,0.0,0.0209,0.0091,0.015,0.0091,0.125,KR,0.3128,0.04883,0.0,0.125,US,-0.3226,-0.00246,-0.811,0.125,US,-0.64,0.125,US,-0.6372,0.125,KR,0.5493,0.10395,0.0,0.125,US,-0.5612,-0.07987,0.537,0.125,US,-0.5443,-0.05256,0.6428,0.125,,,-0.15149,0.0,-0.10407,0.0,,
2017-04-28,US,-0.3404,10.82,0.25,0.625,0.0,0.0,0.0644,0.0116,0.038,0.0116,0.125,KR,0.3415,0.02972,0.0,0.125,US,-0.3072,-0.0063,-0.7658,0.125,US,-0.7192,0.125,US,-0.7624,0.125,KR,0.4132,0.0769,0.0,0.125,US,-0.7336,-0.12182,0.3452,0.125,US,-0.6152,-0.0293,0.7249,0.125,,,-0.02628,0.0,-0.0767,0.0,,
2017-05-31,KR,0.3621,10.41,0.875,0.0,0.0,0.003,0.0189,0.0048,0.0119,0.0159,0.125,KR,0.3996,0.07525,0.0,0.125,KR,0.2845,0.1159,-0.7306,0.125,KR,0.4,0.125,KR,0.1591,0.125,KR,0.4442,0.20724,0.0,0.125,KR,0.3758,0.03885,-0.0,0.125,KR,0.4713,0.03035,0.7438,0.125,,,0.10342,0.0,0.01375,0.0,,
2017-06-30,KR,0.1288,11.18,0.625,0.25,0.0,0.0,0.0046,0.0193,0.012,0.0046,0.125,KR,0.3201,0.13395,0.0,0.125,KR,0.2756,0.07937,-0.7306,0.125,KR,0.3143,0.125,US,-0.6195,0.125,KR,0.6352,0.10853,0.0,0.125,US,-0.3407,-0.01005,0.1586,0.125,KR,0.3162,0.01602,0.7074,0.125,,,0.05121,0.0,-0.03835,0.0,,
2017-07-31,Neutral,0.0377,10.26,0.5,0.375,0.0,0.003,-0.0164,0.0005,-0.008,-0.011,0.125,US,-0.2282,-0.00094,0.0,0.125,KR,0.2217,0.09551,-0.7443,0.125,KR,0.3647,0.125,US,-0.5067,0.125,KR,0.4816,0.14663,0.0,0.125,US,-0.412,-0.01031,0.3799,0.125,KR,0.3429,0.02413,0.7505,0.125,,,0.03496,0.0,-0.01825,0.0,,
2017-08-31,US,-0.1052,10.59,0.375,0.5,0.0,0.003,0.0132,0.0193,0.0163,0.0163,0.125,KR,0.3853,0.04332,0.0,0.125,KR,0.2617,0.03732,-0.6584,0.125,US,-0.2451,0.125,US,-0.636,0.125,KR,0.4,0.18647,0.0,0.125,US,-0.4667,-0.05622,-0.2165,0.125,US,-0.4354,-0.01769,0.7357,0.125,,,-0.00151,0.0,-0.055,0.0,,
2017-09-29,US,-0.2383,9.51,0.375,0.5,0.0,0.0,0.0539,0.0222,0.038,0.0222,0.125,KR,0.3129,0.04898,0.0,0.125,US,-0.7282,-0.04777,-0.6963,0.125,KR,0.3094,0.125,US,-0.64,0.125,KR,0.3163,0.05565,0.0,0.125,US,-0.5739,-0.05623,0.4136,0.125,US,-0.6649,-0.05597,0.7814,0.125,,,0.04492,0.0,-0.13406,0.0,,
2017-10-31,Neutral,0.0496,10.18,0.625,0.25,0.0,0.003,-0.0186,0.0281,0.0047,0.0017,0.125,KR,0.3889,0.0467,0.0,0.125,US,-0.8962,-0.04156,-0.6527,0.125,KR,0.4,0.125,US,-0.7934,0.125,KR,0.3993,0.07488,0.0,0.125,KR,0.3406,0.04497,0.1974,0.125,KR,0.5079,0.041,0.7539,0.125,,,0.10359,0.0,-0.05198,0.0,,
2017-11-30,US,-0.4629,11.28,0.125,0.625,0.125,0.003,-0.0036,0.0098,0.0031,0.0068,0.125,US,-0.6565,-0.01997,0.0,0.125,US,-0.7859,-0.10377,-0.5649,0.125,KR,0.3197,0.125,US,-0.799,0.125,US,-0.5513,-0.01564,0.0,0.125,US,-0.6935,-0.04129,0.4621,0.125,Hold,-0.0742,-0.01562,0.7024,0.125,,,0.08233,0.0,-0.16939,0.0,,
2017-12-29,US,-0.4754,11.04,0.125,0.75,0.0,0.0,0.035,0.0562,0.0456,0.0562,0.125,US,-0.6366,-0.05644,0.0,0.125,US,-0.7082,-0.06263,-0.4699,0.125,KR,0.32,0.125,US,-0.64,0.125,US,-0.5454,-0.02234,0.0,0.125,US,-0.6521,-0.07377,-0.0798,0.125,US,-0.4651,-0.02442,0.7143,0.125,,,0.10224,0.0,-0.12827,0.0,,
2018-01-31,US,-0.4838,13.54,0.25,0.625,0.0,0.0,-0.0542,-0.0389,-0.0466,-0.0389,0.125,US,-0.7996,-0.0805,0.0,0.125,US,-0.8927,-0.05908,-0.5227,0.125,KR,0.32,0.125,US,-0.7977,0.125,KR,0.1988,0.0118,0.0,0.125,US,-0.7217,-0.12737,0.4136,0.125,US,-0.6934,-0.05942,0.569,0.125,,,0.14048,0.0,-0.09139,0.0,,
2018-02-28,US,-0.1134,19.85,0.25,0.625,0.0,0.0,0.0076,-0.0269,-0.0096,-0.0269,0.125,US,-0.321,-0.11028,0.0,0.125,US,-0.5008,-0.07836,-0.5511,0.125,KR,0.3936,0.125,US,-0.4016,0.125,KR,0.6065,0.03909,0.0,0.125,US,-0.264,-0.10816,0.3799,0.125,US,-0.3067,-0.04447,0.015,0.125,,,0.05763,0.0,-0.10977,0.0,,
2018-03-30,Neutral,0.0784,19.97,0.5,0.375,0.0,0.003,0.0284,0.0256,0.027,0.024,0.125,US,-0.3754,-0.02209,0.0,0.125,US,-0.3974,-0.04734,-0.4382,0.125,KR,0.3203,0.125,KR,0.6588,0.125,KR,0.648,0.02517,0.0,0.125,US,-0.6031,-0.07092,-0.3969,0.125,KR,0.2979,0.02136,0.003,0.125,,,0.08523,0.0,0.0311,0.0,,
2018-04-30,Neutral,-0.0916,15.93,0.25,0.625,0.0,0.0,-0.0367,0.0216,-0.0076,-0.0076,0.125,US,-0.3711,-0.04433,0.0,0.125,US,-0.2208,-0.01118,-0.4301,0.125,US,-0.5096,0.125,KR,0.5977,0.125,US,-0.5229,-0.11372,0.0,0.125,US,-0.3254,-0.03259,-0.2543,0.125,KR,0.711,0.07577,0.3859,0.125,,,-0.0185,0.0,0.01599,0.0,,
2018-05-31,US,-0.4772,15.43,0.125,0.75,0.0,0.003,-0.04,0.0048,-0.0176,0.0018,0.125,US,-0.7957,-0.05736,0.0,0.125,US,-0.4794,-0.08132,-0.4053,0.125,US,-0.6997,0.125,US,-0.7301,0.125,US,-0.3954,-0.15502,0.0,0.125,US,-0.8585,-0.13553,-0.3095,0.125,KR,0.6187,0.03242,0.4276,0.125,,,-0.02394,0.0,-0.02783,0.0,,
2018-06-29,US,-0.5501,16.09,0.125,0.75,0.0,0.0,-0.0133,0.036,0.0114,0.036,0.125,US,-0.6377,-0.09366,0.0,0.125,US,-0.853,-0.04928,-0.3185,0.125,US,-0.8,0.125,US,-0.7971,0.125,US,-0.61,-0.15695,0.0,0.125,US,-0.5828,-0.16853,0.3452,0.125,KR,0.4299,0.03334,0.3722,0.125,,,-0.12423,0.0,-0.0604,0.0,,
2018-07-31,US,-0.5001,12.83,0.125,0.875,0.0,0.0,0.012,0.0303,0.0211,0.0303,0.125,US,-0.697,-0.07149,0.0,0.125,US,-0.8508,-0.09707,-0.2821,0.125,US,-0.8,0.125,US,-0.6106,0.125,US,-0.433,-0.09323,0.0,0.125,US,-0.64,-0.12192,-0.0,0.125,US,-0.6885,-0.07251,0.615,0.125,KR,0.7188,-0.20316,0.0,-0.1591,0.0,0.02625,0.0
2018-08-31,US,-0.6164,12.86,0.0,1.0,0.0,0.0,0.0087,0.0043,0.0065,0.0043,0.125,US,-0.7996,-0.07944,0.0,0.125,US,-0.6405,-0.07949,-0.2355,0.125,US,-0.798,0.125,US,-0.6308,0.125,US,-0.3911,-0.08001,0.0,0.125,US,-0.4469,-0.13614,0.2729,0.125,US,-0.6798,-0.06222,0.6132,0.125,US,-0.5448,-0.06392,0.0,-0.08711,0.0,-0.01351,0.0
2018-09-28,US,-0.4687,12.12,0.125,0.75,0.125,0.0,-0.1337,-0.0694,-0.1016,-0.0694,0.125,US,-0.799,-0.12422,0.0,0.125,Hold,-0.0967,0.00508,-0.2355,0.125,US,-0.7716,0.125,US,-0.64,0.125,US,-0.773,-0.06655,0.0,0.125,US,-0.5457,-0.08069,0.664,0.125,US,-0.6297,-0.03745,0.6573,0.125,KR,0.506,-0.03719,0.0,-0.11065,0.0,0.05027,0.0
2018-10-31,US,-0.4961,21.23,0.125,0.875,0.0,0.0,0.0331,0.0179,0.0255,0.0179,0.125,US,-0.3209,-0.13054,0.0,0.125,US,-0.8001,-0.0645,-0.2729,0.125,US,-0.8,0.125,US,-0.6201,0.125,KR,0.1335,0.01171,0.0,0.125,US,-0.4903,-0.15215,-0.6044,0.125,US,-0.8237,-0.20051,-0.1224,0.125,US,-0.247,-0.24152,0.0,-0.08267,0.0,-0.02491,0.0
2018-11-30,US,-0.2101,18.07,0.25,0.75,0.0,0.0,-0.0266,-0.0918,-0.0592,-0.0918,0.125,US,-0.295,-0.02344,0.0,0.125,US,-0.3366,-0.04075,-0.207,0.125,US,-0.64,0.125,US,-0.3678,0.125,KR,0.7977,0.06273,0.0,0.125,US,-0.8996,-0.06997,-0.9354,0.125,US,-0.7392,-0.06884,0.1906,0.125,KR,0.8,-0.15047,0.0,-0.01205,0.0,0.13962,0.0
2018-12-31,KR,0.3985,25.42,0.75,0.0,0.25,0.003,0.0969,0.0787,0.0878,0.0939,0.125,Hold,0.043,-0.00496,0.0,0.125,KR,0.5683,0.03165,-0.207,0.125,Hold,-0.0282,0.125,KR,0.64,0.125,KR,0.64,0.14235,0.0,0.125,KR,0.5132,0.05263,-0.9995,0.125,KR,0.1717,0.00358,-0.4945,0.125,KR,0.6399,-0.00827,0.0,0.10121,0.0,0.09838,0.0
2019-01-31,KR,0.3986,16.57,0.75,0.25,0.0,0.0,-0.0043,0.0297,0.0127,-0.0043,0.125,KR,0.7651,0.05153,0.0,0.125,US,-0.1091,-0.0079,-0.1781,0.125,KR,0.2735,0.125,KR,0.7821,0.125,KR,0.7859,0.04555,0.0,0.125,KR,0.4066,0.04218,-0.8076,0.125,KR,0.6019,0.01279,0.3302,0.125,US,-0.3169,0.01648,0.0,0.04188,0.0,-0.02599,0.0
2019-02-28,Neutral,0.0173,14.78,0.375,0.25,0.375,0.003,-0.0249,0.0179,-0.0035,-0.0065,0.125,US,-0.7548,-0.03241,0.0,0.125,Hold,-0.0594,0.00383,-0.207,0.125,Hold,-0.0551,0.125,Hold,-0.0815,0.125,KR,0.6217,0.04756,0.0,0.125,KR,0.5244,0.04293,0.5784,0.125,KR,0.2101,0.01457,0.4792,0.125,US,-0.2668,0.00492,0.0,0.00321,0.0,-0.02819,0.0
2019-03-29,US,-0.5932,13.71,0.0,1.0,0.0,0.003,0.0294,0.0393,0.0344,0.0363,0.125,US,-0.7654,-0.04597,0.0,0.125,US,-0.6358,-0.06016,-0.1391,0.125,US,-0.7739,0.125,US,-0.6282,0.125,US,-0.368,-0.06128,0.0,0.125,US,-0.5178,-0.06963,0.9895,0.125,US,-0.698,-0.07326,0.5574,0.125,US,-0.3583,-0.15223,0.0,-0.0662,0.0,-0.05615,0.0
2019-04-30,US,-0.3321,13.12,0.25,0.75,0.0,0.0,-0.0734,-0.0658,-0.0696,-0.0658,0.125,US,-0.7992,-0.07327,0.0,0.125,US,-0.6611,-0.06857,-0.2355,0.125,KR,0.3852,0.125,US,-0.3167,0.125,US,-0.3933,-0.04093,0.0,0.125,KR,0.2135,0.00991,0.8511,0.125,US,-0.5899,-0.02366,0.5967,0.125,US,-0.4954,0.03194,0.0,-0.02573,0.0,-0.06412,0.0
2019-05-31,US,-0.276,18.71,0.25,0.75,0.0,0.0,0.0435,0.0689,0.0562,0.0689,0.125,US,-0.5263,-0.05279,0.0,0.125,KR,0.2345,0.00272,-0.1877,0.125,US,-0.6387,0.125,KR,0.4826,0.125,US,-0.1755,-0.00616,0.0,0.125,US,-0.5021,-0.00828,-0.8717,0.125,US,-0.7641,-0.09629,0.1283,0.125,US,-0.3181,-0.06623,0.0,0.01368,0.0,-0.05648,0.0
2019-06-28,US,-0.4624,15.08,0.0,1.0,0.0,0.0,-0.0498,0.0131,-0.0183,0.0131,0.125,US,-0.4243,-0.06174,0.0,0.125,US,-0.4949,-0.0744,-0.2449,0.125,US,-0.7999,0.125,US,-0.4021,0.125,US,-0.4001,-0.08351,0.0,0.125,US,-0.4517,-0.05714,0.02,0.125,US,-0.3266,-0.14052,0.4558,0.125,US,-0.3994,-0.10354,0.0,-0.08184,0.0,-0.07559,0.0
2019-07-31,US,-0.7199,16.12,0.0,1.0,0.0,0.0,-0.028,-0.0181,-0.0231,-0.0181,0.125,US,-0.8,-0.12009,0.0,0.125,US,-0.8247,-0.11014,-0.1293,0.125,US,-0.8,0.125,US,-0.7733,0.125,US,-0.638,-0.06186,0.0,0.125,US,-0.8723,-0.11233,-0.3799,0.125,US,-0.7279,-0.17029,0.3696,0.125,US,-0.3229,-0.23107,0.0,-0.05956,0.0,-0.05779,0.0
2019-08-30,US,-0.2097,18.98,0.125,0.75,0.125,0.0,0.0484,0.0172,0.0328,0.0172,0.125,US,-0.3218,-0.0786,0.0,0.125,US,-0.3205,-0.11589,-0.0,0.125,US,-0.64,0.125,Hold,-0.0456,0.125,US,-0.1705,-0.0162,0.0,0.125,US,-0.2527,-0.08071,0.4462,0.125,US,-0.3042,-0.18209,0.1016,0.125,KR,0.3778,-0.18219,0.0,-0.00914,0.0,0.00611,0.0
2019-09-30,US,-0.4423,16.24,0.125,0.875,0.0,0.0,0.0099,0.0204,0.0152,0.0204,0.125,US,-0.7621,-0.039,0.0,0.125,US,-0.6478,-0.09276,-0.05,0.125,US,-0.64,0.125,US,-0.468,0.125,US,-0.5419,-0.03506,0.0,0.125,US,-0.2416,-0.0247,0.0997,0.125,US,-0.5778,-0.10784,0.3592,0.125,KR,0.3404,-0.10049,0.0,-0.01534,0.0,0.00799,0.0
2019-10-31,US,-0.2816,13.22,0.375,0.625,0.0,0.0,0.0022,0.034,0.0181,0.034,0.125,US,-0.4043,-0.0347,0.0,0.125,US,-0.8331,-0.10414,-0.1684,0.125,KR,0.2889,0.125,US,-0.7298,0.125,KR,0.7215,0.03984,0.0,0.125,US,-0.8717,-0.05499,-0.4136,0.125,US,-0.6924,-0.06632,0.5902,0.125,KR,0.2678,0.02282,0.0,-0.03436,0.0,0.01489,0.0
2019-11-29,US,-0.4904,12.62,0.0,0.875,0.125,0.0,0.0525,0.0256,0.0391,0.0256,0.125,US,-0.6382,-0.06282,0.0,0.125,US,-0.6665,-0.08584,-0.1684,0.125,US,-0.6349,0.125,US,-0.6341,0.125,Hold,-0.0723,-0.01056,0.0,0.125,US,-0.6043,-0.04246,0.1391,0.125,US,-0.2991,-0.01034,0.6279,0.125,US,-0.3738,-0.05224,0.0,-0.09335,0.0,-0.00596,0.0
2019-12-31,US,-0.3715,13.78,0.0,1.0,0.0,0.0,-0.0258,-0.0099,-0.0179,-0.0099,0.125,US,-0.4542,-0.01427,0.0,0.125,US,-0.6904,-0.08452,-0.3275,0.125,US,-0.1141,0.125,US,-0.3404,0.125,US,-0.213,-0.0197,0.0,0.125,US,-0.4907,-0.03918,0.6858,0.125,US,-0.5462,-0.04349,0.5525,0.125,US,-0.1229,0.00192,0.0,-0.05369,0.0,0.00154,0.0
2020-01-31,US,-0.5629,18.84,0.0,0.875,0.125,0.0,-0.0623,-0.0841,-0.0732,-0.0841,0.125,US,-0.705,-0.02948,0.0,0.125,US,-0.8327,-0.11413,-0.1781,0.125,US,-0.6146,0.125,US,-0.7986,0.125,US,-0.1026,0.00327,0.0,0.125,US,-0.7516,-0.0634,0.2355,0.125,US,-0.7762,-0.07276,0.1155,0.125,Hold,0.0778,-0.017,0.0,-0.11512,0.0,0.0097,0.0
2020-02-28,Neutral,-0.0386,40.11,0.5,0.5,0.0,0.003,-0.1169,-0.1251,-0.121,-0.124,0.125,KR,0.5914,0.02426,0.0,0.125,US,-0.4663,-0.07128,-0.2636,0.125,KR,0.3826,0.125,US,-0.5237,0.125,KR,0.7707,0.10317,0.0,0.125,US,-0.9431,-0.07801,-0.9705,0.125,US,-0.9002,-0.03652,-0.9648,0.125,KR,0.7799,0.04005,0.0,-0.11119,0.0,0.04487,0.0
2020-03-31,Neutral,0.0108,53.54,0.375,0.625,0.0,0.0,0.1099,0.1268,0.1184,0.1184,0.125,US,-0.3179,-0.0576,0.0,0.125,US,-0.2667,-0.01944,-0.4382,0.125,KR,0.6161,0.125,US,-0.3198,0.125,KR,0.6391,0.34371,0.0,0.125,US,-0.4652,-0.12218,-1.0,0.125,US,-0.4387,-0.05763,-0.9976,0.125,KR,0.6396,0.18621,0.0,-0.07264,0.0,0.07906,0.0
2020-04-30,KR,0.2412,34.15,0.75,0.25,0.0,0.003,0.0708,0.0453,0.0581,0.0678,0.125,US,-0.2651,-0.06568,0.3728,0.125,KR,0.4604,0.03081,-0.4136,0.125,KR,0.296,0.125,KR,0.555,0.125,KR,0.5182,0.12154,-0.9991,0.125,US,-0.6177,-0.12294,-1.0,0.125,KR,0.447,0.06424,-0.8886,0.125,KR,0.5356,0.07615,-0.3728,0.03888,-0.4106,0.07716,-0.7389
2020-05-29,Neutral,0.0457,27.51,0.625,0.375,0.0,0.003,0.0388,0.0184,0.0286,0.0256,0.125,US,-0.7157,-0.0485,0.0712,0.125,US,-0.1415,-0.00913,-0.4542,0.125,KR,0.3913,0.125,KR,0.732,0.125,KR,0.659,0.19568,-0.874,0.125,US,-0.9471,-0.11911,-0.9973,0.125,KR,0.1322,0.00398,-0.6357,0.125,KR,0.2557,0.08912,-0.0712,0.03555,-0.1712,0.11481,-0.9175
2020-06-30,Neutral,-0.0904,30.43,0.375,0.625,0.0,0.0,0.0669,0.0551,0.061,0.061,0.125,US,-0.7134,-0.07613,-0.5382,0.125,US,-0.418,-0.04267,-0.4621,0.125,KR,0.399,0.125,US,-0.2327,0.125,KR,0.7618,0.21633,0.9996,0.125,US,-0.5176,-0.11981,0.9999,0.125,US,-0.2229,0.00171,-0.7791,0.125,KR,0.2208,0.25895,0.5382,-0.06175,0.7397,0.1384,-0.9735
2020-07-31,US,-0.125,24.46,0.375,0.625,0.0,0.003,0.0341,0.0701,0.0521,0.0671,0.125,US,-0.5347,-0.04244,-0.957,0.125,US,-0.3051,-0.01307,-0.4136,0.125,KR,0.5486,0.125,US,-0.1998,0.125,KR,0.7619,0.29596,1.0,0.125,US,-0.6455,-0.06359,0.9999,0.125,US,-0.8751,-0.06083,-0.4186,0.125,KR,0.2496,0.18117,0.957,-0.02842,0.9325,0.13622,-0.9788
2020-08-31,US,-0.2768,26.41,0.375,0.625,0.0,0.0,0.0007,-0.0392,-0.0192,-0.0392,0.125,US,-0.9498,-0.14843,-0.9705,0.125,US,-0.6316,-0.01264,-0.5227,0.125,KR,0.5498,0.125,US,-0.5213,0.125,KR,0.5398,0.37826,0.8651,0.125,US,-0.5607,-0.02544,0.9954,0.125,US,-0.892,-0.04741,-0.5656,0.125,KR,0.2514,0.23536,0.9705,-0.09112,0.9532,0.11504,-0.9876
2020-09-30,KR,0.3615,26.37,0.75,0.125,0.125,0.003,-0.0385,-0.0277,-0.0331,-0.0415,0.125,Hold,0.017,-0.00141,-0.833,0.125,KR,0.6267,0.02645,-0.508,0.125,KR,0.416,0.125,KR,0.4263,0.125,KR,0.6317,0.28803,0.1892,0.125,KR,0.4584,0.0549,0.968,0.125,US,-0.1694,-0.00887,-0.5629,0.125,KR,0.4848,0.04263,0.833,0.00748,0.7327,0.08097,-0.9719
2020-10-30,Neutral,0.0843,38.02,0.625,0.25,0.125,0.003,0.143,0.1075,0.1253,0.1223,0.125,KR,0.1522,-0.00389,0.3501,0.125,KR,0.3247,0.04847,-0.6291,0.125,KR,0.3289,0.125,Hold,0.0367,0.125,KR,0.6923,0.30346,-0.59,0.125,KR,0.3462,0.03639,-0.2165,0.125,US,-0.7956,-0.03405,-0.947,0.125,US,-0.4107,0.04429,-0.3501,-0.00446,-0.0309,-0.02223,-0.7193
2020-11-30,Neutral,0.0686,20.57,0.5,0.5,0.0,0.0,0.1089,0.0371,0.073,0.073,0.125,KR,0.6917,0.05063,-0.1785,0.125,US,-0.3434,-0.01776,-0.5915,0.125,KR,0.4377,0.125,US,-0.1959,0.125,KR,0.8636,0.16405,0.3292,0.125,KR,0.5738,0.04161,0.8717,0.125,US,-0.6775,-0.04755,-0.0569,0.125,US,-0.8011,0.14142,0.1785,-0.0046,0.4555,-0.0645,-0.0978
2020-12-31,KR,0.168,22.75,0.75,0.25,0.0,0.003,0.0108,-0.0111,-0.0002,0.0078,0.125,KR,0.2581,0.17422,-0.8859,0.125,US,-0.726,-0.04921,-0.664,0.125,KR,0.5359,0.125,KR,0.4257,0.125,KR,0.7524,0.11679,0.8727,0.125,KR,0.5518,0.08671,0.9959,0.125,KR,0.3021,0.03234,-0.2683,0.125,US,-0.7563,0.05305,0.8859,0.05536,0.8373,-0.05428,0.1725
2021-01-29,KR,0.1237,33.09,0.75,0.25,0.0,0.0,0.0123,0.0261,0.0192,0.0123,0.125,KR,0.2637,0.22187,-0.8323,0.125,US,-0.8925,-0.11008,-0.7616,0.125,US,-0.6615,0.125,KR,0.4275,0.125,KR,0.6566,0.20667,0.9932,0.125,KR,0.5518,0.17703,0.9942,0.125,KR,0.2566,0.05758,-0.864,0.125,KR,0.3872,-0.0633,0.8323,0.12821,0.8137,0.04001,0.0116
2021-02-26,Neutral,-0.055,27.95,0.5,0.375,0.125,0.003,0.0161,0.0424,0.0293,0.0263,0.125,KR,0.3273,0.15862,-0.3818,0.125,US,-0.9389,-0.13147,-0.8617,0.125,US,-0.7271,0.125,KR,0.5133,0.125,US,-0.5027,-0.11191,0.9839,0.125,KR,0.5456,0.11734,0.9246,0.125,KR,0.2819,0.06256,-0.6612,0.125,Hold,0.061,-0.15451,0.3818,0.11165,0.642,0.01084,-0.1807
2021-03-31,Neutral,0.0591,19.4,0.5,0.5,0.0,0.0,0.0282,0.0524,0.0403,0.0403,0.125,KR,0.6198,0.08202,0.8395,0.125,US,-0.2082,-0.01118,-0.9186,0.125,US,-0.7497,0.125,KR,0.3106,0.125,US,-0.2278,-0.11951,0.895,0.125,KR,0.7353,0.05503,0.7616,0.125,KR,0.2861,0.00569,0.0599,0.125,US,-0.2935,-0.14621,-0.8395,0.09909,-0.0589,-0.00567,-0.1136
2021-04-30,US,-0.3323,18.61,0.25,0.625,0.125,0.003,0.0178,0.0055,0.0116,0.0025,0.125,KR,0.3217,0.01312,0.252,0.125,US,-0.8842,-0.04379,-0.9033,0.125,US,-0.8494,0.125,KR,0.4652,0.125,US,-0.2589,-0.09211,0.8975,0.125,US,-0.5658,-0.06186,0.7699,0.125,Hold,-0.0338,-0.00687,0.1381,0.125,US,-0.8531,-0.14825,-0.252,0.07541,0.342,-0.03052,-0.6523
2021-05-31,Neutral,0.0581,16.76,0.625,0.375,0.0,0.003,0.029,0.0227,0.0258,0.0228,0.125,KR,0.1833,0.00681,-0.302,0.125,US,-0.6324,-0.0193,-0.8937,0.125,US,-0.5931,0.125,KR,0.3968,0.125,US,-0.308,-0.12194,0.5538,0.125,KR,0.5809,0.08848,0.4301,0.125,KR,0.343,0.03593,0.3131,0.125,KR,0.4944,-0.14571,0.302,0.14762,0.5227,0.05914,-0.7281
2021-06-30,Neutral,-0.0732,15.83,0.5,0.5,0.0,0.0,-0.0286,0.0227,-0.0029,-0.0029,0.125,US,-0.8482,-0.05091,-0.2979,0.125,US,-0.2315,-0.00236,-0.8337,0.125,US,-0.5933,0.125,KR,0.3805,0.125,US,-0.2572,-0.0628,0.8727,0.125,KR,0.371,0.0308,0.664,0.125,KR,0.3948,0.01704,0.3944,0.125,KR,0.1986,-0.12987,0.2979,0.11143,0.3855,0.09729,-0.9922
2021-07-30,US,-0.3538,18.24,0.25,0.75,0.0,0.003,-0.001,0.029,0.014,0.026,0.125,US,-0.5898,-0.11671,0.314,0.125,US,-0.5619,-0.0366,-0.7818,0.125,US,-0.6887,0.125,KR,0.2683,0.125,US,-0.2701,-0.08075,0.7715,0.125,US,-0.441,-0.05153,0.04,0.125,US,-0.7651,-0.07965,0.1742,0.125,KR,0.2177,-0.15053,-0.314,0.027,-0.1593,0.01504,-0.9046
2021-08-31,US,-0.4781,16.48,0.25,0.75,0.0,0.0,-0.0408,-0.0476,-0.0442,-0.0476,0.125,US,-0.6735,-0.13987,0.7455,0.125,US,-0.9007,-0.03601,-0.8005,0.125,US,-0.5887,0.125,KR,0.1045,0.125,KR,0.6499,0.01763,0.1287,0.125,US,-0.75,-0.09002,0.2543,0.125,US,-0.7345,-0.08159,0.3381,0.125,US,-0.932,-0.00937,-0.7455,0.01838,-0.5808,-0.04276,-0.9556
2021-09-30,US,-0.389,23.14,0.25,0.75,0.0,0.0,-0.032,0.0691,0.0186,0.0691,0.125,US,-0.6967,-0.09672,0.5686,0.125,US,-0.1248,-0.00634,-0.8455,0.125,US,-0.9025,0.125,KR,0.2537,0.125,KR,0.6607,0.01775,0.175,0.125,US,-0.6276,-0.09911,-0.2165,0.125,US,-0.8462,-0.08222,-0.3041,0.125,US,-0.8285,-0.08361,-0.5686,0.01138,-0.4349,-0.05202,-0.1772
2021-10-29,US,-0.6648,16.26,0.0,1.0,0.0,0.0,-0.0443,-0.0083,-0.0263,-0.0083,0.125,US,-0.6823,-0.17255,0.6751,0.125,US,-0.894,-0.08209,-0.7895,0.125,US,-0.9177,0.125,US,-0.707,0.125,US,-0.2436,-0.17743,0.6662,0.125,US,-0.7433,-0.13691,0.2913,0.125,US,-0.5851,-0.10917,0.3575,0.125,US,-0.5456,-0.16967,-0.6751,-0.16404,-0.446,-0.01276,-0.9056
2021-11-30,US,-0.6666,27.19,0.125,0.875,0.0,0.0,0.0488,0.0436,0.0462,0.0436,0.125,US,-0.5885,-0.13128,0.8342,0.125,US,-0.8894,-0.06843,-0.7211,0.125,US,-0.9365,0.125,US,-0.8754,0.125,US,-0.4569,-0.17058,-0.2894,0.125,US,-0.9032,-0.25761,-0.7699,0.125,US,-0.9091,-0.17786,-0.6163,0.125,KR,0.226,-0.12258,-0.8342,-0.20771,-0.486,0.03802,-0.9759
2021-12-31,US,-0.5349,17.22,0.0,1.0,0.0,0.0,-0.109,-0.0526,-0.0808,-0.0526,0.125,US,-0.2398,-0.07865,0.548,0.125,US,-0.6784,-0.08594,-0.6584,0.125,US,-0.7198,0.125,US,-0.5256,0.125,US,-0.3326,-0.15641,0.0161,0.125,US,-0.3042,-0.12095,0.0997,0.125,US,-0.7221,-0.20605,0.2711,0.125,US,-0.7567,-0.18934,-0.548,-0.12898,-0.0014,-0.06129,-0.9704
2022-01-31,US,-0.6343,24.83,0.0,1.0,0.0,0.0,-0.0032,-0.0314,-0.0173,-0.0314,0.125,US,-0.3733,-0.07573,0.6947,0.125,US,-0.682,-0.03636,-0.5441,0.125,US,-0.9202,0.125,US,-0.697,0.125,US,-0.5837,-0.39374,0.3661,0.125,US,-0.5259,-0.07266,-0.7443,0.125,US,-0.7073,-0.19618,-0.4486,0.125,US,-0.5851,-0.22957,-0.6947,-0.12878,-0.3726,-0.19707,0.2078
2022-02-28,US,-0.3541,30.15,0.25,0.75,0.0,0.0,0.0217,0.0358,0.0287,0.0358,0.125,US,-0.1514,-0.01358,0.2118,0.125,KR,0.232,0.00821,-0.3714,0.125,US,-0.8417,0.125,KR,0.1139,0.125,US,-0.6477,-0.3476,0.9872,0.125,US,-0.4104,-0.03212,-0.2913,0.125,US,-0.928,-0.07734,-0.7678,0.125,US,-0.1991,-0.14599,-0.2118,0.01071,0.0218,-0.04228,0.8108
2022-03-31,US,-0.1288,20.56,0.25,0.75,0.0,0.0,-0.0227,-0.088,-0.0553,-0.088,0.125,US,-0.2797,-0.05509,0.6711,0.125,KR,0.7717,0.04246,-0.04,0.125,US,-0.6787,0.125,US,-0.3659,0.125,US,-0.2002,-0.37306,0.9707,0.125,US,-0.4024,-0.06789,-0.5784,0.125,US,-0.3798,-0.10953,-0.0559,0.125,KR,0.5045,-0.12513,-0.6711,-0.0085,-0.1328,0.01734,0.3458
2022-04-29,KR,0.4049,33.4,0.75,0.25,0.0,0.003,-0.0034,0.0001,-0.0017,-0.0064,0.125,KR,0.9485,0.08069,0.9603,0.125,KR,0.7371,0.12975,-0.1877,0.125,KR,0.43,0.125,KR,0.4236,0.125,US,-0.259,-0.19732,0.8779,0.125,KR,0.6977,0.13327,-0.5649,0.125,US,-0.6636,-0.03211,-0.8717,0.125,KR,0.925,0.02366,-0.9603,0.13347,-0.4057,0.08986,0.7349
2022-05-31,KR,0.1739,26.19,0.625,0.375,0.0,0.0,-0.1315,-0.0839,-0.1077,-0.1315,0.125,KR,0.675,0.02363,0.9399,0.125,KR,0.7391,0.0732,-0.3095,0.125,US,-0.755,0.125,KR,0.6948,0.125,US,-0.2603,-0.24438,0.8649,0.125,KR,0.5417,0.18699,-0.7163,0.125,US,-0.3856,-0.04172,-0.5504,0.125,KR,0.1414,-0.06724,-0.9399,0.15836,-0.5846,-0.00541,0.8245
2022-06-30,US,-0.1194,28.71,0.375,0.625,0.0,0.003,0.051,0.0911,0.071,0.0881,0.125,US,-0.1535,-0.02427,0.982,0.125,KR,0.434,0.00887,-0.0599,0.125,US,-0.9199,0.125,KR,0.4415,0.125,US,-0.432,-0.11783,-0.1613,0.125,KR,0.6476,0.1768,-0.9999,0.125,US,-0.6383,-0.04531,-0.7019,0.125,US,-0.3349,-0.06188,-0.982,0.08577,-0.9401,-0.05936,0.9785
2022-07-29,US,-0.2755,21.33,0.125,0.625,0.25,0.0,0.0084,-0.0424,-0.017,-0.0424,0.125,US,-0.2396,-0.10418,0.7406,0.125,US,-0.7532,-0.08715,0.2165,0.125,Hold,0.0114,0.125,Hold,0.0158,0.125,US,-0.4897,-0.1344,-0.3807,0.125,US,-0.189,-0.00858,-0.9329,0.125,US,-0.7931,-0.03663,-0.1322,0.125,KR,0.2331,0.0128,-0.7406,0.01159,-0.796,0.00043,0.102
2022-08-31,Neutral,-0.0288,25.87,0.375,0.5,0.125,0.003,-0.1281,-0.0934,-0.1107,-0.1137,0.125,Hold,0.066,-0.00842,0.9792,0.125,US,-0.452,-0.04367,0.2913,0.125,KR,0.1239,0.125,KR,0.6474,0.125,US,-0.5195,-0.04005,-0.8771,0.125,KR,0.6366,0.04561,-0.9246,0.125,US,-0.5388,-0.05686,-0.5277,0.125,US,-0.194,0.02146,-0.9792,0.05089,-0.9079,-0.00498,0.743
2022-09-30,US,-0.2018,31.62,0.25,0.625,0.125,0.003,0.0641,0.0799,0.072,0.0769,0.125,KR,0.2463,-0.00046,0.9825,0.125,US,-0.7129,-0.06634,0.3714,0.125,US,-0.9441,0.125,US,-0.5114,0.125,US,-0.4377,-0.12817,-0.918,0.125,KR,0.8209,0.0239,0.7064,0.125,Hold,0.027,0.00658,-0.8217,0.125,US,-0.1023,-0.0804,-0.9825,-0.01244,-0.736,-0.01803,0.7595
2022-10-31,US,-0.3325,25.88,0.125,0.875,0.0,0.0,0.078,0.0538,0.0659,0.0538,0.125,KR,0.8709,0.02688,0.9438,0.125,US,-0.3334,-0.11127,0.3885,0.125,US,-0.6783,0.125,US,-0.5885,0.125,US,-0.8608,-0.20903,-0.6539,0.125,US,-0.1283,-0.01783,0.3799,0.125,US,-0.5241,-0.13598,-0.5285,0.125,US,-0.4171,-0.09861,-0.9438,-0.05081,-0.6526,-0.10384,0.8574
2022-11-30,US,-0.3487,20.58,0.125,0.875,0.0,0.0,-0.0955,-0.059,-0.0772,-0.059,0.125,KR,0.3604,0.01016,-0.6984,0.125,US,-0.3054,-0.04465,0.6044,0.125,US,-0.6665,0.125,US,-0.254,0.125,US,-0.4952,-0.04148,-0.6461,0.125,US,-0.2101,-0.02615,0.6044,0.125,US,-0.5165,-0.01199,-0.0579,0.125,US,-0.7024,-0.11478,0.6984,-0.06104,0.5213,-0.01891,-0.4409
2022-12-30,US,-0.242,21.67,0.125,0.75,0.125,0.0,0.0896,0.0618,0.0757,0.0618,0.125,US,-0.3831,-0.02743,-0.988,0.125,US,-0.5467,-0.03797,0.4854,0.125,US,-0.6464,0.125,US,-0.4399,0.125,US,-0.2973,-0.19026,0.1455,0.125,KR,0.4661,0.01177,0.8565,0.125,Hold,0.0683,0.0118,-0.1655,0.125,US,-0.1568,-0.06337,0.988,-0.12523,0.8197,-0.00512,-0.7704
2023-01-31,US,-0.1572,19.4,0.375,0.625,0.0,0.0,-0.005,-0.0261,-0.0156,-0.0261,0.125,KR,0.4088,0.02446,-0.9929,0.125,KR,0.391,0.04161,0.598,0.125,US,-0.647,0.125,US,-0.4011,0.125,US,-0.3594,-0.03387,-0.4513,0.125,US,-0.22,-0.03791,0.5784,0.125,KR,0.3267,0.04362,0.0599,0.125,US,-0.7569,-0.08333,0.9929,-0.03299,0.9638,-0.06103,-0.9776
2023-02-28,US,-0.1875,20.7,0.25,0.625,0.125,0.0,0.0265,0.0351,0.0308,0.0351,0.125,KR,0.1278,0.01086,-0.5121,0.125,US,-0.2582,-0.00621,0.7114,0.125,US,-0.7055,0.125,US,-0.4803,0.125,US,-0.3862,-0.04206,-0.0121,0.125,KR,0.8042,0.0226,0.6751,0.125,Hold,-0.0472,0.00419,-0.0699,0.125,US,-0.5547,-0.09043,0.5121,-0.07814,0.6073,-0.05916,-0.9815
2023-03-31,US,-0.1876,18.7,0.25,0.5,0.25,0.0,0.01,0.0146,0.0123,0.0146,0.125,US,-0.7598,-0.04243,-0.3142,0.125,KR,0.6979,0.03909,0.5227,0.125,US,-0.5884,0.125,Hold,0.0072,0.125,KR,0.5807,0.05781,-0.3673,0.125,Hold,-0.0263,-0.0106,0.4301,0.125,US,-0.6178,-0.07711,0.1293,0.125,US,-0.7941,-0.06221,0.3142,-0.00947,0.3897,-0.1411,-0.9998
2023-04-28,US,-0.1846,15.78,0.375,0.5,0.125,0.0,0.0302,0.0025,0.0163,0.0025,0.125,US,-0.7076,-0.06944,-0.0881,0.125,Hold,0.0199,0.00405,0.537,0.125,US,-0.5086,0.125,KR,0.2415,0.125,KR,0.2862,0.00772,-0.2723,0.125,KR,0.4621,0.03585,-0.493,0.125,US,-0.7229,-0.06775,0.3986,0.125,US,-0.5477,-0.01971,0.0881,0.00479,-0.1958,-0.08948,-0.9482
2023-05-31,Neutral,0.0974,17.94,0.5,0.375,0.125,0.003,-0.005,0.0647,0.0299,0.0269,0.125,US,-0.4306,-0.05376,-0.17,0.125,KR,0.9099,0.06812,0.6411,0.125,KR,0.4297,0.125,KR,0.6383,0.125,KR,0.6851,0.08538,-0.6487,0.125,Hold,-0.0929,0.00576,-0.7352,0.125,US,-0.6222,-0.05231,0.2031,0.125,US,-0.7376,0.05714,0.17,0.03845,-0.2247,-0.14217,-0.9963
2023-06-30,US,-0.5988,13.59,0.0,1.0,0.0,0.003,0.0266,0.0311,0.0289,0.0281,0.125,US,-0.3513,-0.07425,0.2461,0.125,US,-0.6154,-0.04576,0.7857,0.125,US,-0.8303,0.125,US,-0.4024,0.125,US,-0.7258,-0.03133,-0.3203,0.125,US,-0.5753,-0.10283,0.881,0.125,US,-0.6972,-0.12827,0.5656,0.125,US,-0.5926,-0.04481,-0.2461,-0.02411,-0.3716,-0.21206,-0.9914
2023-07-31,US,-0.5155,13.63,0.125,0.875,0.0,0.0,-0.029,-0.0177,-0.0234,-0.0177,0.125,US,-0.6281,-0.10131,0.0655,0.125,US,-0.5192,-0.03751,0.7211,0.125,US,-0.5743,0.125,US,-0.5723,0.125,KR,0.1045,0.0081,0.3884,0.125,US,-0.2844,-0.11606,0.9015,0.125,US,-0.698,-0.1207,0.5629,0.125,US,-0.9521,-0.01393,-0.0655,-0.02775,0.0711,-0.17323,-0.9979
2023-08-31,US,-0.3477,13.57,0.125,0.75,0.125,0.0,-0.0357,-0.0487,-0.0422,-0.0487,0.125,US,-0.4462,-0.1155,-0.223,0.125,KR,0.2891,0.00511,0.6411,0.125,US,-0.3383,0.125,US,-0.5847,0.125,US,-0.6573,-0.1574,0.8933,0.125,US,-0.2537,-0.0861,0.9329,0.125,Hold,-0.0457,0.00134,0.5669,0.125,US,-0.7449,-0.00956,0.223,-0.04166,0.2572,-0.16557,-0.9092
2023-09-29,US,-0.1448,17.52,0.5,0.5,0.0,0.0,-0.0531,-0.022,-0.0375,-0.022,0.125,US,-0.6262,-0.05469,0.7301,0.125,KR,0.3799,0.05819,0.4136,0.125,KR,0.2503,0.125,US,-0.5527,0.125,US,-0.3289,-0.18145,0.9456,0.125,KR,0.1391,-0.00345,0.2165,0.125,KR,0.4023,0.04188,0.243,0.125,US,-0.8223,0.03847,-0.7301,-0.01784,-0.3309,-0.10831,-0.3171
2023-10-31,US,-0.3802,18.14,0.25,0.75,0.0,0.0,0.113,0.0892,0.1011,0.0892,0.125,US,-0.5235,-0.0749,0.9172,0.125,KR,0.2465,0.0163,0.1877,0.125,US,-0.609,0.125,US,-0.9234,0.125,US,-0.6501,-0.18115,-0.0671,0.125,US,-0.4279,-0.05517,-0.8511,0.125,KR,0.3005,0.02746,0.1839,0.125,US,-0.4549,-0.01711,-0.9172,-0.13848,-0.7204,-0.11863,0.5623
2023-11-30,US,-0.6056,12.92,0.0,1.0,0.0,0.0,0.0473,0.0442,0.0458,0.0442,0.125,US,-0.7774,-0.07361,0.1094,0.125,US,-0.6878,-0.03228,0.3452,0.125,US,-0.1427,0.125,US,-0.7991,0.125,US,-0.8454,-0.03677,-0.3941,0.125,US,-0.7237,-0.06561,-0.0798,0.125,US,-0.1858,-0.00318,0.6094,0.125,US,-0.6829,0.00265,-0.1094,-0.04782,-0.0451,-0.02803,0.2476
2023-12-29,US,-0.2491,12.45,0.375,0.625,0.0,0.0,-0.0647,0.0159,-0.0244,0.0159,0.125,US,-0.9391,-0.05468,-0.9112,0.125,US,-0.5121,-0.02463,0.3364,0.125,KR,0.5443,0.125,US,-0.4553,0.125,KR,0.3137,0.01389,-0.8547,0.125,US,-0.5645,-0.02618,0.881,0.125,KR,0.3058,0.00131,0.6381,0.125,US,-0.6855,0.10654,0.9112,-0.02152,0.5896,-0.03218,-0.5998
2024-01-31,US,-0.4881,14.35,0.125,0.875,0.0,0.0,0.0582,0.0517,0.0549,0.0517,0.125,US,-0.6767,-0.15146,-0.7854,0.125,US,-0.1741,-0.00091,0.2729,0.125,US,-0.4234,0.125,US,-0.5509,0.125,US,-0.8373,-0.07604,-0.3771,0.125,KR,0.3445,0.01597,0.9302,0.125,US,-0.6642,-0.03329,0.5117,0.125,US,-0.9222,-0.01358,0.7854,-0.06847,0.6079,-0.08074,-0.9877
2024-02-29,US,-0.4402,13.4,0.25,0.75,0.0,0.0,0.0395,0.031,0.0352,0.031,0.125,US,-0.7028,-0.06723,0.4226,0.125,KR,0.3763,0.07545,0.3714,0.125,US,-0.5522,0.125,US,-0.8163,0.125,US,-0.8051,-0.05689,-0.0461,0.125,KR,0.529,0.08188,0.7699,0.125,US,-0.6096,-0.02561,0.5784,0.125,US,-0.9409,-0.00979,-0.4226,-0.05043,-0.1842,-0.08465,-0.9968
2024-03-29,US,-0.5357,13.01,0.0,0.875,0.125,0.0,-0.0199,-0.0397,-0.0298,-0.0397,0.125,Hold,-0.0084,0.00185,0.7854,0.125,US,-0.3591,-0.01189,0.3714,0.125,US,-0.8133,0.125,US,-0.6853,0.125,US,-0.6703,-0.12354,0.7538,0.125,US,-0.4384,-0.01777,0.4136,0.125,US,-0.5529,-0.07132,0.6037,0.125,US,-0.7576,-0.02217,-0.7854,-0.12143,-0.2913,-0.09305,-0.9995
2024-04-30,Neutral,0.0799,15.65,0.625,0.25,0.125,0.003,-0.0206,0.048,0.0137,0.0107,0.125,KR,0.4896,0.03536,0.7207,0.125,KR,0.3713,0.07347,0.3364,0.125,Hold,0.0565,0.125,KR,0.1595,0.125,US,-0.7413,-0.10296,0.3019,0.125,KR,0.3882,0.08777,0.4462,0.125,KR,0.466,0.04633,0.4095,0.125,US,-0.5507,0.01494,-0.7207,0.01344,0.0387,-0.05813,-0.9547
2024-05-31,US,-0.3619,12.92,0.375,0.625,0.0,0.003,0.0612,0.0347,0.0479,0.0317,0.125,US,-0.7208,-0.03645,0.1618,0.125,KR,0.2406,0.01445,0.3627,0.125,US,-0.8316,0.125,US,-0.7273,0.125,US,-0.811,-0.1359,-0.0619,0.125,KR,0.1944,0.01382,0.1781,0.125,KR,0.7083,0.02586,0.6094,0.125,US,-0.9478,-0.08629,-0.1618,-0.05442,0.3513,-0.15563,-0.9587
2024-06-28,US,-0.2249,12.44,0.375,0.5,0.125,0.0,-0.0097,0.0113,0.0008,0.0113,0.125,US,-0.5377,-0.03403,0.3976,0.125,KR,0.4609,0.05724,0.3364,0.125,US,-0.7005,0.125,Hold,0.0364,0.125,US,-0.8107,-0.10072,-0.143,0.125,KR,0.3008,0.07096,-0.1194,0.125,KR,0.3996,0.04493,0.6387,0.125,US,-0.9479,-0.11618,-0.3976,0.00777,0.0719,-0.14761,-0.9505
2024-07-31,US,-0.1624,16.36,0.375,0.625,0.0,0.0,-0.0348,0.0228,-0.006,0.0228,0.125,US,-0.4932,-0.04444,-0.5819,0.125,KR,0.4351,0.05737,0.1974,0.125,KR,0.499,0.125,US,-0.7684,0.125,US,-0.4754,-0.15295,-0.3489,0.125,US,-0.3423,-0.09217,-0.1391,0.125,KR,0.3934,0.02726,0.3487,0.125,US,-0.5472,0.05334,0.5819,-0.0723,0.041,-0.08155,-0.9439
2024-08-30,US,-0.6003,15.0,0.125,0.875,0.0,0.0,-0.0303,0.0202,-0.0051,0.0202,0.125,US,-0.9263,-0.09647,-0.7449,0.125,US,-0.7153,-0.02578,-0.0,0.125,KR,0.5264,0.125,US,-0.7823,0.125,US,-0.8755,-0.11865,-0.3973,0.125,US,-0.6201,-0.07064,0.1194,0.125,US,-0.7122,-0.06727,0.4621,0.125,US,-0.6974,0.13207,0.7449,-0.06374,0.0787,-0.07008,-0.3815
2024-09-30,US,-0.4583,16.73,0.125,0.875,0.0,0.0,-0.0143,-0.0099,-0.0121,-0.0099,0.125,US,-0.7537,-0.1473,-0.9221,0.125,US,-0.5967,-0.0259,-0.1489,0.125,KR,0.4363,0.125,US,-0.4394,0.125,US,-0.4542,-0.00873,-0.7872,0.125,US,-0.5863,-0.15017,0.3452,0.125,US,-0.4912,-0.02153,0.3158,0.125,US,-0.7813,0.10013,0.9221,-0.01977,0.5816,-0.07234,0.0843
2024-10-31,US,-0.4972,23.16,0.25,0.75,0.0,0.0,-0.0392,0.0573,0.009,0.0573,0.125,US,-0.8013,-0.15734,-0.0384,0.125,US,-0.8109,-0.04522,-0.1194,0.125,KR,0.4077,0.125,KR,0.1322,0.125,US,-0.8985,-0.0552,-0.6023,0.125,US,-0.2915,-0.11652,0.6291,0.125,US,-0.8269,-0.03584,-0.3059,0.125,US,-0.8886,0.12862,0.0384,0.01266,0.1468,-0.05115,-0.5869
2024-11-29,US,-0.5666,13.51,0.0,1.0,0.0,0.0,-0.023,-0.025,-0.024,-0.025,0.125,US,-0.5258,-0.27153,0.8952,0.125,US,-0.3794,-0.09475,-0.05,0.125,US,-0.5155,0.125,US,-0.7149,0.125,US,-0.7202,-0.24922,-0.5515,0.125,US,-0.5157,-0.23874,0.6963,0.125,US,-0.5534,-0.05467,0.571,0.125,US,-0.6081,-0.01106,-0.8952,-0.15207,-0.5084,-0.01861,-0.7059
2024-12-31,US,-0.5028,17.35,0.125,0.875,0.0,0.0,0.0494,0.027,0.0382,0.027,0.125,US,-0.5131,-0.18872,0.9879,0.125,US,-0.6892,-0.09106,-0.3185,0.125,KR,0.2487,0.125,US,-0.7476,0.125,US,-0.5891,-0.14747,0.3296,0.125,US,-0.439,-0.18354,0.2165,0.125,US,-0.5875,-0.04372,0.259,0.125,US,-0.7056,0.13332,-0.9879,-0.08448,-0.8174,-0.05129,-0.485
2025-01-31,US,-0.6036,16.43,0.0,1.0,0.0,0.0,0.0061,-0.0142,-0.0041,-0.0142,0.125,US,-0.6365,-0.1091,0.8869,0.125,US,-0.8129,-0.08513,-0.3452,0.125,US,-0.4604,0.125,US,-0.7862,0.125,US,-0.7195,-0.04714,0.3456,0.125,US,-0.337,-0.11746,0.3799,0.125,US,-0.3849,-0.03037,0.3426,0.125,US,-0.6913,-0.00822,-0.8869,-0.02335,-0.4991,-0.03839,0.4443
2025-02-28,US,-0.6035,19.63,0.125,0.875,0.0,0.0,-0.0204,-0.0575,-0.039,-0.0575,0.125,US,-0.7164,-0.06742,0.4325,0.125,US,-0.8475,-0.1023,-0.2449,0.125,US,-0.7694,0.125,KR,0.417,0.125,US,-0.7511,-0.04029,0.1367,0.125,US,-0.8593,-0.05976,-0.3452,0.125,US,-0.781,-0.0464,0.037,0.125,US,-0.5206,-0.02273,-0.4325,0.11131,0.0853,-0.01555,0.3667
2025-03-31,KR,0.1105,22.28,0.625,0.375,0.0,0.003,0.0304,-0.0076,0.0114,0.0274,0.125,KR,0.4924,0.02963,-0.8653,0.125,US,-0.3608,-0.0382,-0.3275,0.125,US,-0.5282,0.125,KR,0.4332,0.125,US,-0.6365,-0.16404,0.0215,0.125,KR,0.6575,0.07105,-0.8511,0.125,KR,0.2762,0.00871,-0.2241,0.125,KR,0.5498,-0.11679,0.8653,0.06639,0.8982,0.00836,0.7462
2025-04-30,KR,0.2789,24.7,0.625,0.25,0.125,0.0,0.0552,0.0615,0.0583,0.0552,0.125,US,-0.4408,-0.07572,-0.9885,0.125,KR,0.5589,0.0534,-0.5154,0.125,US,-0.4657,0.125,KR,0.7288,0.125,Hold,0.0513,0.00015,-0.8695,0.125,KR,0.5108,0.04764,-0.9876,0.125,KR,0.5711,0.0878,-0.4382,0.125,KR,0.7167,-0.0395,0.9885,0.12616,0.7123,0.05389,0.5584
2025-05-30,KR,0.1485,18.57,0.75,0.25,0.0,0.0,0.1386,0.0496,0.0941,0.1386,0.125,US,-0.5573,-0.00782,-0.9883,0.125,KR,0.3332,0.11526,-0.4777,0.125,KR,0.7463,0.125,KR,0.5053,0.125,KR,0.2798,0.1117,-0.6948,0.125,KR,0.2654,0.03332,-0.7064,0.125,KR,0.4287,0.15279,0.142,0.125,US,-0.8137,0.05422,0.9883,0.07471,0.5876,-0.02949,-0.3878
2025-06-30,KR,0.2427,16.73,0.875,0.125,0.0,0.0,0.0566,0.0217,0.0391,0.0566,0.125,KR,0.2485,0.07209,-0.98,0.125,KR,0.2489,0.19272,-0.4777,0.125,US,-0.2854,0.125,KR,0.3887,0.125,KR,0.2613,0.17942,-0.3872,0.125,KR,0.419,0.05336,0.7699,0.125,KR,0.4611,0.24207,0.3158,0.125,KR,0.1998,-0.01132,0.98,0.14138,0.4588,0.11995,-0.9759
2025-07-31,KR,0.3493,16.72,0.875,0.0,0.125,0.0,-0.0183,0.0191,0.0004,-0.0183,0.125,KR,0.3735,0.02954,0.166,0.125,KR,0.2585,0.15597,-0.4053,0.125,KR,0.3671,0.125,KR,0.3492,0.125,KR,0.4376,0.15639,0.8526,0.125,KR,0.5446,0.05379,0.9737,0.125,KR,0.369,0.19701,0.3167,0.125,Hold,0.0947,0.11703,-0.166,0.15506,-0.2595,0.02081,-0.9964
2025-08-29,KR,0.2233,15.36,0.75,0.125,0.125,0.0,0.0749,0.0353,0.0551,0.0749,0.125,KR,0.237,0.04263,-0.4668,0.125,KR,0.2976,0.10451,-0.5649,0.125,US,-0.3647,0.125,KR,0.3314,0.125,KR,0.3576,0.04332,0.3238,0.125,KR,0.5534,0.02225,0.664,0.125,KR,0.3853,0.15744,0.4333,0.125,Hold,-0.011,-0.013,0.4668,0.04074,0.1731,0.01211,-0.8503
2025-09-30,KR,0.1186,16.28,0.75,0.25,0.0,0.0,0.1994,0.0227,0.111,0.1994,0.125,KR,0.4558,0.06161,0.3001,0.125,KR,0.3063,0.11043,-0.508,0.125,KR,0.3317,0.125,KR,0.2736,0.125,KR,0.3195,0.07864,-0.2734,0.125,US,-0.2844,-0.08833,0.3095,0.125,KR,0.4695,0.12307,0.3557,0.125,US,-0.9227,0.04608,-0.3001,0.07191,-0.2935,-0.07758,-0.7188
2025-10-31,KR,0.3518,17.44,0.875,0.125,0.0,0.0,-0.044,0.0013,-0.0214,-0.044,0.125,KR,0.3892,0.31562,-0.0546,0.125,KR,0.3146,0.10469,-0.4699,0.125,KR,0.3841,0.125,KR,0.4814,0.125,KR,0.284,0.24965,-0.6624,0.125,KR,0.4533,0.05148,-0.1586,0.125,KR,0.6676,0.12497,0.2506,0.125,US,-0.1601,0.03778,0.0546,0.11074,0.432,0.00501,-0.5995
2025-11-28,KR,0.1046,16.35,0.75,0.25,0.0,0.0,0.0732,-0.0005,0.0364,0.0732,0.125,KR,0.3946,0.28626,0.5049,0.125,KR,0.246,0.10485,-0.5005,0.125,US,-0.483,0.125,KR,0.2352,0.125,KR,0.2394,0.12233,-0.5542,0.125,KR,0.4385,0.07225,-0.3799,0.125,KR,0.3739,0.1237,0.3496,0.125,US,-0.6078,-0.01146,-0.5049,0.0207,0.1435,-0.03947,0.0875
2025-12-31,KR,0.1438,14.95,0.875,0.125,0.0,0.0,0.2123,0.0137,0.113,0.2123,0.125,KR,0.4365,0.29898,0.1844,0.125,KR,0.1965,0.03234,-0.6107,0.125,KR,0.2187,0.125,KR,0.2362,0.125,KR,0.2466,0.0607,-0.4847,0.125,KR,0.3168,0.13593,-0.02,0.125,KR,0.1371,0.0103,0.466,0.125,US,-0.6382,0.02477,-0.1844,0.01833,0.3137,-0.0644,0.0019
2026-01-30,KR,0.2805,17.44,0.875,0.125,0.0,0.0,0.1952,-0.0087,0.0933,0.1952,0.125,KR,0.2811,0.48163,-0.6906,0.125,KR,0.289,0.15456,-0.6291,0.125,KR,0.1353,0.125,KR,0.5258,0.125,US,-0.269,-0.00598,0.4705,0.125,KR,0.4199,0.26936,0.0997,0.125,KR,0.4426,0.05221,0.2506,0.125,KR,0.4193,0.00752,0.6906,0.11592,0.7402,0.03488,0.2817
2026-02-27,KR,0.3291,19.86,0.875,0.0,0.125,0.0,-0.1908,-0.0509,-0.1209,-0.1908,0.125,KR,0.2362,0.66178,-0.5817,0.125,KR,0.3029,0.33306,-0.5299,0.125,KR,0.5034,0.125,KR,0.4167,0.125,KR,0.5233,0.12977,0.7193,0.125,KR,0.2888,0.47666,-0.1974,0.125,Hold,-0.0416,0.00494,0.014,0.125,KR,0.4032,0.06775,0.5817,0.13244,0.6998,0.04464,0.0847
2026-03-31,Neutral,-0.0612,25.25,0.5,0.5,0.0,0.003,0.2644,0.082,0.1732,0.1702,0.125,KR,0.4932,0.275,0.5047,0.125,KR,0.2499,0.16066,-0.4699,0.125,US,-0.7037,0.125,KR,0.2745,0.125,US,-0.6477,-0.19124,0.9999,0.125,KR,0.2198,0.1255,-0.7352,0.125,US,-0.1484,0.00479,-0.4815,0.125,US,-0.2275,-0.04472,-0.5047,0.13588,-0.2922,-0.00296,0.3133
