as_of,signal,ws,vix,stress,kr_w,us_w,hold_w,cost,kr_return,us_return,blend_return,strategy_return,pair_0_vote,pair_0_score,pair_0_weight,pair_0_rs,pair_1_vote,pair_1_score,pair_1_weight,pair_1_rs,pair_2_vote,pair_2_score,pair_2_weight,pair_3_vote,pair_3_score,pair_3_weight,pair_4_vote,pair_4_score,pair_4_weight,pair_4_rs,pair_5_vote,pair_5_score,pair_5_weight,pair_5_rs,pair_6_vote,pair_6_score,pair_6_weight,pair_6_rs,pair_7_vote,pair_7_score,pair_7_weight,pair_2_rs,pair_3_rs,pair_7_rs
2010-02-26,US,-0.4468,19.5,False,0.125,0.5,0.0,0.0,0.0616,0.0588,0.0602,0.0588,US,-0.7951,0.125,-0.05614,US,-0.7989,0.125,-0.07369,,,0.125,,,0.125,KR,0.4141,0.125,0.01065,US,-0.353,0.125,-0.00591,US,-0.701,0.125,-0.05132,,,0.125,,,
2010-03-31,US,-0.2372,17.59,False,0.25,0.375,0.0,0.0,0.0288,0.0148,0.0218,0.0148,KR,0.3029,0.125,0.04164,US,-0.6262,0.125,-0.01695,,,0.125,,,0.125,KR,0.9724,0.125,0.0437,US,-0.9889,0.125,-0.04866,US,-0.8461,0.125,-0.02091,,,0.125,,,
2010-04-30,Neutral,-0.0223,22.05,False,0.25,0.375,0.0,0.003,-0.0576,-0.082,-0.0698,-0.0728,KR,0.3908,0.125,0.05009,US,-0.1541,0.125,-0.01417,,,0.125,,,0.125,KR,0.8035,0.125,0.04503,US,-0.1532,0.125,-0.0106,US,-0.9985,0.125,-0.07099,,,0.125,,,
2010-05-31,KR,0.7337,32.07,True,0.629,0.0,0.034,0.003,0.0348,-0.0374,-0.0013,0.0137,KR,0.7941,0.2247,0.06231,Hold,0.0214,0.0337,-0.00777,,,0.1124,,,0.1124,KR,0.7995,0.3371,0.09616,KR,0.7998,0.0337,0.09324,KR,0.3192,0.0337,0.00337,,,0.1124,,,
2010-06-30,KR,0.8881,34.54,True,0.635,0.0,0.0,0.0,0.0359,0.0688,0.0524,0.0442,KR,0.9993,0.2027,0.09872,KR,0.8899,0.027,0.09001,,,0.1216,,,0.1216,KR,0.8,0.2703,0.20562,KR,0.8,0.0676,0.21314,KR,0.9939,0.0676,0.05518,,,0.1216,,,
2010-07-30,KR,0.3473,23.5,False,0.369,0.268,0.0,0.0,-0.0094,-0.0474,-0.0284,-0.0094,US,-0.2925,0.2013,-0.01406,KR,0.5427,0.0336,0.0392,,,0.1208,,,0.1208,KR,0.7998,0.2685,0.15554,KR,0.9997,0.0671,0.08678,US,-0.2933,0.0671,-0.03338,,,0.1208,,,
2010-08-31,KR,0.4727,26.05,False,0.875,0.0,0.0,0.0,0.0746,0.0876,0.0811,0.0746,KR,0.4047,0.1537,0.05468,KR,0.656,0.0615,0.08246,KR,0.4001,0.125,KR,0.6599,0.125,KR,0.4051,0.2561,0.27517,KR,0.5813,0.1025,0.12122,KR,0.2974,0.0512,0.01386,,,0.125,0.09917,0.08523,
2010-09-30,Neutral,-0.1443,23.7,False,0.527,0.348,0.0,0.003,0.0054,0.0369,0.0211,0.0181,US,-0.999,0.1674,-0.07294,KR,0.5409,0.067,0.00719,US,-0.9758,0.125,KR,0.1961,0.125,KR,0.4253,0.2232,0.12853,KR,0.4196,0.1116,0.10503,US,-0.7086,0.0558,-0.01346,,,0.125,-0.04163,0.01767,
2010-10-29,US,-0.3643,21.2,False,0.279,0.529,0.067,0.003,0.0115,-0.0023,0.0046,-0.0053,US,-0.7981,0.1674,-0.08973,Hold,0.0204,0.067,0.00419,US,-0.9697,0.125,US,-0.6017,0.125,KR,0.32,0.1674,0.11421,KR,0.4,0.1116,0.13231,US,-0.7911,0.1116,-0.05047,,,0.125,-0.08137,-0.0165,
2010-11-30,Neutral,-0.1134,23.54,False,0.468,0.412,0.0,0.003,0.0768,0.0653,0.0711,0.0681,US,-0.9648,0.1248,-0.0467,KR,0.8776,0.0936,0.02469,US,-0.9995,0.1248,US,-0.8073,0.0374,KR,0.614,0.1872,0.05461,KR,0.3991,0.1872,0.07118,US,-0.7704,0.1248,-0.03615,,,0.1203,-0.08398,-0.01853,
2010-12-31,US,-0.398,17.75,False,0.169,0.711,0.0,0.003,-0.0002,0.0226,0.0112,0.0196,US,-0.7797,0.0704,-0.03994,KR,0.2775,0.169,0.03176,US,-0.8597,0.1056,US,-0.7998,0.0423,US,-0.5864,0.2113,-0.01445,US,-0.1789,0.2113,0.00219,US,-0.7957,0.0704,-0.05553,,,0.1197,-0.02195,-0.08896,
2011-01-31,US,-0.236,19.53,False,0.194,0.681,0.0,0.0,-0.063,0.032,-0.0155,0.032,US,-0.6037,0.0972,-0.02464,US,-0.763,0.1167,-0.03704,US,-0.8541,0.1167,US,-0.9999,0.0583,KR,0.9481,0.1944,0.05399,US,-0.252,0.1944,0.00137,US,-0.3719,0.0972,-0.06935,,,0.125,-0.10211,-0.10416,
2011-02-28,US,-0.8862,18.35,False,0.0,0.875,0.0,0.0,0.0863,-0.001,0.0426,-0.001,US,-0.9943,0.1287,-0.11401,US,-0.7912,0.1029,-0.11103,US,-1.0,0.1287,US,-0.8,0.0858,US,-0.9999,0.1287,-0.18663,US,-0.7994,0.1716,-0.07485,US,-0.8,0.1287,-0.14427,,,0.125,-0.1657,-0.24113,
2011-03-31,US,-0.3496,17.74,False,0.3,0.575,0.0,0.0,0.0407,0.0285,0.0346,0.0285,US,-0.766,0.1287,-0.03567,US,-0.4244,0.1029,-0.00685,US,-0.7962,0.1287,US,-0.7999,0.0858,KR,0.4311,0.1287,0.07572,KR,0.32,0.1716,0.0941,US,-0.7998,0.1287,-0.09722,,,0.125,-0.11736,-0.11303,
2011-04-29,US,-0.2028,14.75,False,0.406,0.361,0.108,0.0,-0.0228,-0.0135,-0.0181,-0.0135,US,-0.4758,0.0902,-0.00513,Hold,-0.1106,0.1082,0.00471,US,-1.0,0.0902,US,-0.9982,0.0902,KR,0.3197,0.1804,0.08103,KR,0.4,0.2255,0.1053,US,-0.9998,0.0902,-0.0874,,,0.125,-0.12433,-0.10796,
2011-05-31,US,-0.5001,15.45,False,0.286,0.589,0.0,0.0,-0.0195,-0.0183,-0.0189,-0.0183,US,-0.9886,0.1227,-0.04803,US,-0.9891,0.0981,-0.04918,US,-1.0,0.1227,US,-0.843,0.1227,KR,0.32,0.1227,0.16072,KR,0.4,0.1636,0.15259,US,-0.7977,0.1227,-0.06194,,,0.125,-0.17652,-0.02069,
2011-06-30,US,-0.4292,16.52,False,0.187,0.688,0.0,0.0,0.0155,-0.0215,-0.003,-0.0215,US,-0.7977,0.1496,-0.10844,US,-0.2281,0.0897,0.0003,US,-0.9987,0.1496,US,-0.2866,0.1496,KR,0.3982,0.0748,0.04448,KR,0.4049,0.1122,0.09344,US,-0.7937,0.1496,-0.02095,,,0.125,-0.07665,-0.0138,
2011-07-29,KR,0.2815,25.25,False,0.649,0.135,0.09,0.003,-0.1186,-0.0568,-0.0877,-0.1216,US,-0.9699,0.1353,-0.1009,KR,0.7766,0.1082,0.04438,KR,0.4647,0.1353,KR,0.971,0.1353,Hold,-0.043,0.0902,0.00711,KR,0.4008,0.1353,0.07601,KR,0.3611,0.1353,0.00307,,,0.125,0.16851,0.07975,
2011-08-31,Neutral,0.055,31.62,True,0.432,0.443,0.0,0.003,-0.0588,-0.0718,-0.0653,-0.0683,US,-0.7494,0.1798,-0.14641,KR,0.7745,0.0719,0.03762,KR,0.7202,0.1199,KR,0.9967,0.1199,US,-0.7324,0.1438,-0.02765,KR,0.4412,0.1199,0.04576,US,-0.2184,0.1199,-0.01129,,,0.125,0.04331,0.06554,
2011-09-30,Neutral,-0.033,42.96,True,0.624,0.251,0.0,0.0,0.0788,0.1077,0.0932,0.0932,US,-0.9113,0.1396,-0.02694,KR,0.439,0.1117,0.06142,KR,0.3027,0.1396,KR,0.1569,0.1396,US,-0.9994,0.1117,-0.07836,KR,0.4002,0.1396,0.08463,KR,0.44,0.0931,0.00685,,,0.125,0.0414,0.01554,
2011-10-31,US,-0.5706,29.96,False,0.0,0.735,0.14,0.003,-0.0322,-0.0051,-0.0186,-0.0081,US,-0.7655,0.1862,-0.05511,US,-0.3214,0.1117,-0.04969,Hold,0.0571,0.1396,US,-0.798,0.1396,US,-1.0,0.1117,-0.15017,US,-0.7965,0.0931,-0.06786,US,-0.3396,0.0931,-0.0036,,,0.125,0.01119,-0.06505,
2011-11-30,US,-0.4304,27.8,False,0.167,0.5,0.208,0.0,-0.0118,0.0085,-0.0016,0.0085,KR,0.2069,0.1667,0.02163,Hold,0.0906,0.125,-0.00565,US,-0.4748,0.1,US,-0.9191,0.125,US,-0.9931,0.15,-0.1851,US,-0.9728,0.125,-0.06325,Hold,0.1262,0.0833,-0.00473,,,0.125,-0.01639,-0.11289,
2011-12-30,US,-0.6811,23.4,False,0.0,0.875,0.0,0.0,0.0709,0.0436,0.0572,0.0436,US,-0.4219,0.1262,-0.00674,US,-0.3511,0.101,-0.09999,US,-0.7987,0.101,US,-0.7898,0.1262,US,-0.7754,0.2019,-0.1687,US,-0.7751,0.1683,-0.1125,US,-0.7911,0.0505,-0.04834,,,0.125,-0.06748,-0.0924,
2012-01-31,US,-0.7497,19.44,False,0.141,0.734,0.0,0.0,0.0381,0.0406,0.0393,0.0406,KR,0.3051,0.1411,0.02621,US,-0.9853,0.1129,-0.04545,US,-1.0,0.1129,US,-0.9998,0.1411,US,-0.8846,0.1694,-0.0241,US,-1.0,0.1411,-0.11351,US,-0.7602,0.0565,-0.03301,,,0.125,-0.12178,-0.09344,
2012-02-29,US,-0.8411,18.43,False,0.074,0.801,0.0,0.0,-0.008,0.0313,0.0117,0.0313,KR,0.2704,0.0742,0.02283,US,-0.9679,0.1335,-0.08353,US,-0.998,0.1335,US,-0.9487,0.1483,US,-0.7806,0.1483,-0.04036,US,-1.0,0.1483,-0.11086,US,-0.9992,0.089,-0.07437,,,0.125,-0.1776,-0.03275,
2012-03-30,US,-0.7438,15.5,False,0.0,0.875,0.0,0.0,-0.0159,-0.0075,-0.0117,-0.0075,US,-0.8018,0.0678,-0.01824,US,-0.3682,0.1221,-0.10682,US,-0.9838,0.1221,US,-0.3154,0.1357,US,-0.9216,0.1696,-0.0283,US,-0.9944,0.1357,-0.12772,US,-0.7978,0.1221,-0.06277,,,0.125,-0.17083,-0.04559,
2012-04-30,US,-0.6161,17.15,False,0.0,0.819,0.056,0.0,-0.0699,-0.0627,-0.0663,-0.0627,Hold,-0.0229,0.0557,-0.0022,US,-0.3527,0.1338,-0.12569,US,-0.999,0.1338,US,-0.752,0.1393,US,-0.7986,0.1393,-0.15888,US,-0.7021,0.1393,-0.01349,US,-0.3221,0.1338,-0.08965,,,0.125,-0.2393,-0.06622,
2012-05-31,US,-0.9427,24.06,False,0.0,0.875,0.0,0.0,0.0057,0.0396,0.0226,0.0396,US,-0.7958,0.0341,-0.05592,US,-0.9569,0.1364,-0.03779,US,-1.0,0.142,US,-0.9991,0.142,US,-0.7949,0.142,-0.01762,US,-0.9455,0.142,-0.03253,US,-0.9978,0.1364,-0.06461,,,0.125,-0.13721,-0.07397,
2012-06-29,US,-0.7989,17.08,False,0.0,0.875,0.0,0.0,0.0151,0.0126,0.0138,0.0126,US,-0.9669,0.0648,-0.03775,US,-0.5893,0.135,-0.04675,US,-0.5432,0.135,US,-0.8708,0.135,US,-0.9659,0.135,-0.04721,US,-0.8956,0.135,-0.0483,US,-0.8479,0.135,-0.02411,,,0.125,-0.00725,-0.04901,
2012-07-31,US,-0.8138,18.93,False,0.0,0.875,0.0,0.0,0.0123,0.0198,0.016,0.0198,US,-0.9908,0.0648,-0.05018,US,-0.9952,0.135,-0.07136,US,-0.217,0.135,US,-0.7849,0.135,US,-0.9684,0.135,-0.04251,US,-0.8656,0.135,-0.0225,US,-0.9665,0.135,-0.0374,,,0.125,-0.00025,-0.04461,
2012-08-31,US,-0.527,17.47,False,0.26,0.615,0.0,0.0,0.0478,0.0242,0.036,0.0242,US,-0.7996,0.0937,-0.08042,US,-0.7997,0.1302,-0.0836,KR,0.3997,0.1302,US,-0.9677,0.1302,US,-0.9977,0.1302,-0.06415,US,-0.9841,0.1302,-0.04468,KR,0.384,0.1302,0.04459,,,0.125,0.08499,-0.03745,
2012-09-28,US,-0.3485,15.73,False,0.296,0.579,0.0,0.0,-0.0422,-0.0198,-0.031,-0.0198,US,-0.6272,0.1064,-0.01705,US,-0.7911,0.1182,-0.04843,KR,0.4,0.1478,US,-0.537,0.1182,US,-0.7664,0.1182,-0.03493,US,-0.9743,0.1182,-0.03981,KR,0.4436,0.1478,0.05602,,,0.125,0.10871,-0.00711,
2012-10-31,US,-0.3,18.6,False,0.368,0.507,0.0,0.0,0.0109,0.0028,0.0069,0.0028,KR,0.3003,0.1141,0.02521,US,-0.3577,0.1268,-0.0712,KR,0.4,0.1268,US,-0.9561,0.1268,US,-0.7469,0.1268,-0.03382,US,-1.0,0.1268,-0.12745,KR,0.3201,0.1268,0.10667,,,0.125,0.19657,-0.03585,
2012-11-30,Neutral,0.1183,15.87,False,0.438,0.328,0.109,0.003,0.0332,0.0071,0.0201,0.0171,KR,0.7848,0.1458,0.05878,US,-0.3292,0.1094,-0.09089,KR,0.32,0.1458,US,-0.3839,0.1094,Hold,-0.1366,0.1094,-0.01158,US,-0.9999,0.1094,-0.09402,KR,0.9921,0.1458,0.05762,,,0.125,0.10505,-0.05741,
2012-12-31,Neutral,0.1013,18.02,False,0.618,0.257,0.0,0.0,-0.0341,0.0504,0.0082,0.0082,KR,0.3514,0.1716,0.04716,US,-0.7246,0.0858,-0.05486,KR,0.3994,0.1716,US,-0.6803,0.0858,KR,0.7353,0.1029,0.02819,US,-0.7606,0.0858,-0.08116,KR,0.4072,0.1716,0.07593,,,0.125,0.07689,-0.07123,
2013-01-31,US,-0.5142,14.28,False,0.15,0.576,0.15,0.003,0.0329,0.0111,0.022,0.0081,US,-0.7171,0.1496,-0.0254,US,-0.7719,0.1122,-0.03659,KR,0.3386,0.1496,US,-1.0,0.1122,US,-0.7705,0.0897,-0.09276,US,-1.0,0.1122,-0.14994,Hold,-0.0882,0.1496,0.00556,,,0.125,0.03082,-0.12011,
2013-02-28,US,-0.2221,15.51,False,0.344,0.531,0.0,0.0,-0.0107,0.036,0.0127,0.036,KR,0.4666,0.1475,0.05566,US,-0.5614,0.0983,-0.01535,KR,0.3168,0.1966,US,-0.8309,0.0983,US,-0.4067,0.059,-0.07033,US,-0.9822,0.0983,-0.04588,US,-0.3842,0.177,-0.00242,,,0.125,0.05849,-0.11387,
2013-03-29,US,-0.6503,12.7,False,0.0,0.75,0.125,0.0,-0.0204,0.0227,0.0011,0.0227,Hold,0.1146,0.125,0.01494,US,-0.7997,0.125,-0.09751,US,-0.5201,0.125,US,-0.7988,0.125,US,-0.7934,0.1,-0.17747,US,-0.9539,0.125,-0.10678,US,-0.7994,0.15,-0.07549,,,0.125,-0.00651,-0.18972,
2013-04-30,US,-0.4963,13.52,False,0.093,0.627,0.155,0.0,0.0189,0.0208,0.0198,0.0208,KR,0.5509,0.0929,0.01981,US,-0.4841,0.1162,-0.10947,Hold,-0.139,0.1549,US,-0.7995,0.1162,US,-0.6117,0.0929,-0.11947,US,-0.7996,0.1162,-0.1362,US,-0.8884,0.1858,-0.0427,,,0.125,0.00468,-0.21694,
2013-05-31,US,-0.854,16.3,False,0.0,0.875,0.0,0.0,-0.0688,-0.015,-0.0419,-0.015,US,-0.4211,0.0417,-0.00671,US,-0.993,0.1389,-0.11016,US,-0.9997,0.125,US,-1.0,0.1389,US,-0.9519,0.125,-0.12373,US,-0.998,0.1389,-0.08525,US,-0.4219,0.1667,-0.05286,,,0.125,-0.08551,-0.18724,
2013-06-28,US,-0.7575,16.86,False,0.0,0.875,0.0,0.0,0.0272,0.0495,0.0383,0.0495,US,-0.9969,0.0367,-0.06134,US,-0.3283,0.153,-0.13117,US,-0.8,0.1101,US,-0.8738,0.153,US,-0.7408,0.1224,-0.16444,US,-0.9839,0.153,-0.09016,US,-0.77,0.1469,-0.09236,,,0.125,-0.12157,-0.19372,
2013-07-31,US,-0.9661,13.45,False,0.0,0.875,0.0,0.0,0.0064,-0.0313,-0.0124,-0.0313,US,-0.7996,0.0633,-0.08009,US,-0.9983,0.1318,-0.10177,US,-0.8976,0.1265,US,-1.0,0.1318,US,-0.9946,0.1318,-0.0568,US,-0.9925,0.1318,-0.05223,US,-0.9868,0.1581,-0.04663,,,0.125,-0.02539,-0.14852,
2013-08-30,US,-0.8831,17.01,False,0.0,0.875,0.0,0.0,0.0366,0.0297,0.0332,0.0297,US,-0.9891,0.0677,-0.04883,US,-0.7703,0.1411,-0.05421,US,-0.9995,0.1016,US,-0.9998,0.1411,US,-0.783,0.1411,-0.04208,US,-0.7971,0.1411,-0.01776,US,-0.9304,0.1411,-0.03183,,,0.125,-0.08033,-0.08703,
2013-09-30,US,-0.3348,16.6,False,0.269,0.606,0.0,0.0,0.0166,0.0446,0.0306,0.0446,US,-0.7407,0.0808,-0.01484,US,-0.5994,0.1346,-0.00918,US,-0.6342,0.1212,US,-0.4011,0.1346,KR,0.3517,0.1346,0.03323,US,-0.9852,0.1346,-0.04601,KR,0.4729,0.1346,0.01371,,,0.125,-0.01039,-0.06234,
2013-10-31,US,-0.5386,13.75,False,0.142,0.733,0.0,0.0,0.0073,0.028,0.0177,0.028,US,-0.754,0.1067,-0.0315,KR,0.3501,0.1423,0.02305,US,-0.9957,0.128,US,-0.9996,0.1423,US,-0.5094,0.1067,-0.0063,US,-0.5084,0.1423,-0.01944,US,-0.4144,0.1067,-0.06227,,,0.125,-0.10882,-0.08443,
2013-11-29,US,-0.6994,13.7,False,0.0,0.875,0.0,0.0,-0.0164,0.0236,0.0036,0.0236,US,-0.3634,0.14,-0.00448,US,-0.7875,0.105,-0.04486,US,-0.7999,0.14,US,-1.0,0.14,US,-0.4066,0.105,-0.00639,US,-0.7507,0.14,-0.05298,US,-0.7486,0.105,-0.03982,,,0.125,-0.09211,-0.11904,
2013-12-31,US,-0.6662,13.72,False,0.0,0.875,0.0,0.0,-0.0132,-0.0356,-0.0244,-0.0356,US,-0.9823,0.14,-0.04383,US,-0.2059,0.105,0.00078,US,-0.4643,0.14,US,-0.7993,0.14,US,-0.6516,0.105,-0.0275,US,-1.0,0.14,-0.10403,US,-0.3666,0.105,-0.02918,,,0.125,-0.11484,-0.12396,
2014-01-31,US,-0.5597,18.41,False,0.097,0.778,0.0,0.0,0.0313,0.0431,0.0372,0.0431,US,-0.878,0.1458,-0.02724,US,-0.8592,0.0972,-0.02253,US,-0.9991,0.1458,US,-0.4966,0.1458,US,-0.5114,0.0972,-0.04695,US,-0.2093,0.1458,0.00259,KR,0.2081,0.0972,0.01838,,,0.125,-0.08358,-0.00734,
2014-02-28,US,-0.5692,14.0,False,0.073,0.802,0.0,0.0,0.0028,0.0069,0.0049,0.0069,US,-0.9306,0.1458,-0.02953,US,-0.7336,0.1094,-0.01465,US,-0.5001,0.1458,US,-0.5915,0.1458,US,-0.3567,0.1094,-0.05855,US,-0.7525,0.1458,-0.05531,KR,0.3548,0.0729,0.00539,,,0.125,-0.08913,-0.03078,
2014-03-31,US,-0.6948,13.88,False,0.146,0.729,0.0,0.0,-0.012,0.0062,-0.0029,0.0062,US,-0.9488,0.1458,-0.03294,US,-0.7875,0.1167,-0.08278,US,-0.9022,0.1458,US,-0.7785,0.1458,US,-0.9992,0.1167,-0.115,KR,0.2792,0.1458,0.02352,US,-0.9737,0.0583,-0.04272,,,0.125,-0.12853,-0.04133,
2014-04-30,US,-0.3866,13.41,False,0.0,0.875,0.0,0.0,0.0169,0.021,0.019,0.021,US,-0.1796,0.1411,-0.01663,US,-0.3217,0.1129,-0.08188,US,-0.4009,0.1411,US,-0.3987,0.1411,US,-0.4432,0.1411,-0.14608,US,-0.3596,0.1129,-0.03515,US,-0.7156,0.0847,-0.02507,,,0.125,-0.09305,-0.06534,
2014-05-30,US,-0.863,11.4,False,0.0,0.875,0.0,0.0,0.0036,0.0191,0.0113,0.0191,US,-0.7121,0.1367,-0.01358,US,-0.9904,0.1367,-0.04985,US,-0.996,0.1367,US,-0.9074,0.1367,US,-0.7988,0.1367,-0.15066,US,-0.721,0.1094,-0.02589,US,-0.9024,0.082,-0.02591,,,0.125,-0.13727,-0.02648,
2014-06-30,US,-0.5265,11.57,False,0.0,0.656,0.219,0.0,0.0369,-0.0151,0.0109,-0.0151,Hold,0.1154,0.1367,0.01498,US,-0.7942,0.1367,-0.05251,US,-0.9997,0.1367,US,-0.2231,0.1367,US,-0.7885,0.1367,-0.11027,US,-0.7538,0.1094,-0.03148,Hold,-0.1278,0.082,0.00406,,,0.125,-0.08564,0.00221,
2014-07-31,Neutral,0.0195,16.95,False,0.458,0.417,0.0,0.003,-0.0037,0.0377,0.017,0.014,US,-0.8626,0.1562,-0.02221,KR,0.4146,0.1302,0.08093,US,-0.4,0.1302,KR,0.994,0.1302,US,-0.41,0.1302,-0.06222,KR,0.3492,0.1042,0.02985,KR,0.4003,0.0937,0.0984,,,0.125,-0.12762,0.05455,
2014-08-29,US,-0.2844,12.09,False,0.332,0.543,0.0,0.003,-0.0234,-0.0155,-0.0195,-0.0185,US,-0.7927,0.1716,-0.05035,KR,0.3045,0.1144,0.04263,US,-0.7985,0.143,KR,0.312,0.1144,US,-0.3296,0.143,-0.11939,US,-0.6411,0.0858,-0.01805,KR,0.3198,0.1029,0.08529,,,0.125,-0.11002,0.04809,
2014-09-30,US,-0.5108,16.31,False,0.202,0.581,0.092,0.0,-0.0276,0.0232,-0.0022,0.0232,US,-0.9915,0.1836,-0.05526,Hold,0.0502,0.0918,0.01099,US,-0.7572,0.153,KR,0.3975,0.0918,US,-0.946,0.153,-0.0581,US,-0.9995,0.0918,-0.08024,KR,0.4201,0.1101,0.10958,,,0.125,-0.01565,0.06054,
2014-10-31,US,-0.5503,14.03,False,0.0,0.875,0.0,0.0,0.0083,0.0245,0.0164,0.0245,US,-0.7051,0.1959,-0.07183,US,-0.316,0.0784,-0.00456,US,-0.322,0.1632,US,-0.2224,0.0653,US,-0.7571,0.1632,-0.11008,US,-0.6987,0.1306,-0.15607,US,-0.4683,0.0784,-0.0088,,,0.125,-0.09114,-0.02337,
2014-11-28,US,-0.5611,13.33,False,0.163,0.712,0.0,0.0,-0.0329,-0.0042,-0.0185,-0.0042,US,-0.7989,0.1959,-0.07136,US,-0.7883,0.0784,-0.04549,US,-0.8,0.1632,US,-0.6985,0.0653,KR,0.4251,0.1632,0.05911,US,-0.8,0.1306,-0.15384,US,-0.7838,0.0784,-0.04219,,,0.125,-0.10933,-0.02306,
2014-12-31,US,-0.4393,19.2,False,0.0,0.739,0.136,0.0,0.0118,-0.031,-0.0096,-0.031,US,-0.3219,0.2035,-0.06608,US,-0.6233,0.0814,-0.10508,US,-0.3199,0.1696,US,-0.6617,0.0678,Hold,-0.0236,0.1357,-0.0102,US,-0.7972,0.1357,-0.15753,US,-0.7089,0.0814,-0.08887,,,0.125,-0.07999,-0.0698,
2015-01-30,Neutral,0.0809,20.97,False,0.41,0.292,0.174,0.003,0.0187,0.0549,0.0368,0.0338,KR,0.7735,0.1736,0.03115,US,-0.8775,0.0833,-0.03464,Hold,-0.0985,0.1736,US,-0.8737,0.0694,KR,0.8954,0.1667,0.14202,US,-0.6031,0.1389,-0.10001,KR,0.3158,0.0694,0.001,,,0.125,-0.01291,-0.0285,
2015-02-27,US,-0.5348,13.34,False,0.121,0.754,0.0,0.003,0.0278,-0.0174,0.0052,-0.0204,US,-0.9766,0.1346,-0.08277,US,-0.7845,0.1212,-0.13235,US,-0.2435,0.1615,US,-0.9188,0.101,KR,0.4452,0.1212,0.14841,US,-0.7988,0.1683,-0.17229,US,-0.4294,0.0673,-0.03513,,,0.125,-0.00102,-0.02852,
2015-03-31,Neutral,-0.0932,15.29,False,0.353,0.407,0.115,0.003,0.0422,0.0085,0.0254,0.0224,Hold,0.0955,0.1151,0.00238,US,-0.7616,0.1382,-0.03922,KR,0.4,0.1382,US,-0.1578,0.1151,KR,0.3329,0.1382,0.12785,US,-0.6325,0.1535,-0.09056,KR,0.3475,0.0768,0.06259,,,0.125,0.19978,-0.00768,
2015-04-30,Neutral,0.0735,14.55,False,0.535,0.219,0.122,0.0,-0.0058,0.0105,0.0023,0.0023,US,-0.4977,0.0972,-0.0611,Hold,0.0832,0.1215,0.01316,KR,0.4,0.1458,KR,0.5753,0.1215,KR,0.32,0.1458,0.19867,US,-0.9948,0.1215,-0.05602,KR,0.4,0.1215,0.10327,,,0.125,0.29572,0.0414,
2015-05-29,US,-0.158,13.84,False,0.464,0.411,0.0,0.003,-0.0192,-0.021,-0.0201,-0.024,US,-0.5869,0.1265,-0.02557,US,-0.7503,0.1265,-0.01527,KR,0.4,0.1265,KR,0.3665,0.1054,KR,0.4,0.1265,0.11939,US,-0.9556,0.1581,-0.03646,KR,0.3999,0.1054,0.10122,,,0.125,0.36642,0.0364,
2015-06-30,Neutral,0.1017,18.23,False,0.608,0.194,0.073,0.003,-0.0212,0.0197,-0.0007,-0.0037,US,-0.6227,0.0729,-0.06733,Hold,-0.1427,0.0729,0.00394,KR,0.4,0.1458,KR,0.399,0.1215,KR,0.32,0.2188,0.24314,US,-0.9804,0.1215,-0.09315,KR,0.7167,0.1215,0.14324,,,0.125,0.39011,0.07192,
2015-07-31,US,-0.2506,12.12,False,0.397,0.478,0.0,0.003,-0.0437,-0.0626,-0.0531,-0.0656,US,-1.0,0.1288,-0.18084,US,-0.7999,0.0805,-0.09416,KR,0.32,0.1288,US,-0.3449,0.1074,KR,0.4,0.161,0.13133,US,-0.7999,0.161,-0.10373,KR,0.3186,0.1074,0.06663,,,0.125,0.12697,-0.00379,
2015-08-31,KR,0.3208,28.43,False,0.659,0.165,0.055,0.003,0.011,-0.0264,-0.0077,0.008,US,-0.3204,0.1319,-0.09327,US,-0.2187,0.033,-0.01903,KR,0.3201,0.1648,Hold,0.1319,0.0549,KR,0.4984,0.2198,0.09951,KR,0.7161,0.1099,0.01417,KR,0.5052,0.1648,0.09853,,,0.1209,0.16101,0.01263,
2015-09-30,KR,0.2198,24.5,False,0.714,0.165,0.0,0.0,0.034,0.083,0.0585,0.034,US,-0.517,0.1098,-0.06395,KR,0.4482,0.0275,0.02704,KR,0.3159,0.183,US,-0.6163,0.0549,KR,0.4312,0.183,0.19945,KR,0.45,0.1373,0.05412,KR,0.3984,0.183,0.06567,,,0.1216,0.05603,-0.0168,
2015-10-30,US,-0.3879,15.07,False,0.293,0.556,0.029,0.003,-0.0185,0.0005,-0.009,-0.0025,US,-0.6537,0.1464,-0.0684,Hold,0.0601,0.0293,-0.00708,KR,0.3198,0.1464,US,-0.7208,0.1172,KR,0.3265,0.1464,0.07527,US,-0.8764,0.1464,-0.06023,US,-0.8792,0.1464,-0.0317,,,0.1213,0.08835,-0.05871,
2015-11-30,US,-0.4295,16.13,False,0.261,0.617,0.0,0.0,-0.0154,-0.0175,-0.0165,-0.0175,US,-0.9135,0.1304,-0.02807,US,-0.7911,0.0261,-0.08592,KR,0.32,0.1304,US,-1.0,0.1565,KR,0.5527,0.1304,0.1108,US,-0.6519,0.1304,-0.07326,US,-0.6306,0.1739,-0.01229,,,0.1217,0.18741,-0.10736,
2015-12-31,Neutral,-0.0635,18.21,False,0.293,0.586,0.0,0.003,-0.0035,-0.0507,-0.0271,-0.0301,US,-0.3076,0.1464,-0.04074,US,-0.3972,0.0293,-0.06201,KR,0.3028,0.1464,US,-0.5311,0.1172,KR,0.7974,0.1464,0.16157,US,-0.3505,0.1464,-0.03295,US,-0.3188,0.1464,-0.06796,,,0.1213,0.04161,-0.11263,
2016-01-29,KR,0.2434,20.2,False,0.517,0.361,0.0,0.003,0.0024,-0.0041,-0.0009,-0.0006,US,-0.3561,0.0976,-0.02663,KR,0.4384,0.0293,0.03066,KR,0.4,0.1953,US,-0.7734,0.1172,KR,1.0,0.1953,0.13809,KR,0.9633,0.0976,0.03721,US,-0.2798,0.1464,-0.02315,,,0.1213,0.28424,-0.03845,
2016-02-29,Neutral,0.136,20.55,False,0.574,0.301,0.0,0.003,0.0413,0.066,0.0537,0.0507,US,-0.3131,0.0941,-0.00298,KR,0.6542,0.0565,0.02673,KR,0.318,0.1882,US,-0.7943,0.1129,KR,0.5419,0.1882,0.19713,KR,0.9444,0.1411,0.032,US,-0.9974,0.0941,-0.06276,,,0.125,0.06323,-0.12175,
2016-03-31,US,-0.2143,13.95,False,0.366,0.509,0.0,0.003,-0.0009,0.0027,0.0009,-0.0003,US,-0.997,0.1526,-0.07611,KR,0.294,0.061,0.0085,KR,0.3292,0.1526,US,-0.4122,0.1526,KR,0.7986,0.1526,0.1052,US,-0.7972,0.1017,-0.06288,US,-0.7999,0.1017,-0.09684,,,0.125,0.13586,-0.14841,
2016-04-29,US,-0.5549,15.7,False,0.137,0.602,0.137,0.0,-0.0054,0.0153,0.005,0.0153,Hold,-0.0253,0.1367,0.00576,US,-0.6565,0.0547,-0.01924,US,-0.8222,0.1367,US,-0.9489,0.1367,US,-0.8957,0.1367,-0.05127,US,-0.9727,0.1367,-0.03958,KR,0.3758,0.1367,0.00222,,,0.125,-0.01999,-0.0889,
2016-05-31,US,-0.4214,14.19,False,0.257,0.618,0.0,0.0,-0.0066,0.0009,-0.0028,0.0009,US,-0.3814,0.1029,-0.03851,US,-0.8611,0.0858,-0.05642,KR,0.2912,0.1716,US,-0.9032,0.1287,US,-0.9883,0.1716,-0.04866,US,-0.3484,0.1287,-0.05526,KR,0.292,0.0858,0.00605,,,0.125,0.03636,-0.05735,
2016-06-30,US,-0.1851,15.63,False,0.245,0.63,0.0,0.0,0.0233,0.0356,0.0294,0.0356,KR,0.9247,0.1335,0.03116,US,-0.2944,0.1112,-0.03622,KR,0.3072,0.1112,US,-0.5192,0.1483,US,-0.6021,0.1483,-0.18814,US,-0.3805,0.1483,-0.04129,US,-0.8636,0.0742,-0.0241,,,0.125,0.04459,-0.02643,
2016-07-29,US,-0.8514,11.87,False,0.0,0.875,0.0,0.0,0.0092,-0.0012,0.004,-0.0012,US,-0.4256,0.1184,-0.00363,US,-0.9641,0.1316,-0.03638,US,-0.8,0.0658,US,-0.9992,0.1645,US,-0.9301,0.1316,-0.0687,US,-0.9999,0.1645,-0.10347,US,-0.6471,0.0987,-0.06498,,,0.125,-0.13956,-0.07719,
2016-08-31,US,-0.6293,13.42,False,0.139,0.736,0.0,0.0,0.0044,-0.0012,0.0016,-0.0012,KR,0.3889,0.1394,0.0483,US,-0.9529,0.1162,-0.03357,US,-0.7992,0.0387,US,-0.474,0.1936,US,-0.8793,0.1162,-0.11141,US,-0.9892,0.1549,-0.04885,US,-0.9997,0.1162,-0.08449,,,0.125,-0.07228,-0.00508,
2016-09-30,Neutral,-0.1289,13.29,False,0.28,0.51,0.085,0.003,-0.0173,-0.0194,-0.0184,-0.0214,KR,0.2303,0.1529,0.02437,KR,0.1705,0.1274,0.00264,US,-1.0,0.0425,US,-0.1743,0.1699,US,-0.3199,0.1274,-0.09314,US,-0.3308,0.1699,-0.01048,Hold,-0.0074,0.085,-0.00942,,,0.125,-0.11812,-0.01556,
2016-10-31,US,-0.2513,17.06,False,0.493,0.382,0.0,0.003,-0.0123,0.0342,0.0109,0.0312,KR,0.2943,0.1676,0.02505,KR,0.3085,0.1862,0.04568,US,-1.0,0.0465,US,-0.9996,0.1396,US,-0.9068,0.1396,-0.02654,KR,0.2205,0.1396,0.02254,US,-0.7998,0.0559,-0.08745,,,0.125,-0.25308,-0.08212,
2016-11-30,US,-0.5337,13.33,False,0.0,0.724,0.151,0.0,0.0217,0.0182,0.0199,0.0182,Hold,0.1247,0.1509,0.01407,US,-0.4057,0.1509,-0.08005,US,-0.8,0.0503,US,-0.9999,0.1509,US,-0.3302,0.1509,-0.09808,US,-0.7799,0.1006,-0.10807,US,-0.8719,0.1207,-0.05927,,,0.125,-0.25016,-0.15329,
2016-12-30,US,-0.5711,14.04,False,0.164,0.711,0.0,0.0,0.0204,0.0179,0.0192,0.0179,KR,0.3203,0.1641,0.02198,US,-0.7997,0.1367,-0.09553,US,-1.0,0.0684,US,-0.7998,0.1367,US,-0.5151,0.1367,-0.01076,US,-0.946,0.0684,-0.03501,US,-0.793,0.1641,-0.08926,,,0.125,-0.19306,-0.13556,
2017-01-31,US,-0.3847,11.99,False,0.338,0.544,0.0,0.0,0.0116,0.0372,0.0244,0.0372,KR,0.3979,0.3378,0.06494,US,-0.687,0.0938,-0.06616,US,-1.0,0.0938,US,-0.9999,0.0938,US,-0.5653,0.0938,-0.00803,US,-1.0,0.0563,-0.12456,US,-0.9968,0.1126,-0.06112,,,0.118,-0.22487,-0.13738,
2017-02-28,US,-0.7585,12.92,False,0.117,0.758,0.0,0.0,0.0328,-0.0004,0.0162,-0.0004,US,-0.8953,0.21,-0.02516,US,-0.9761,0.1167,-0.08221,US,-1.0,0.1167,US,-0.7998,0.1167,KR,0.3862,0.1167,0.03813,US,-0.9794,0.0583,-0.04213,US,-0.9981,0.14,-0.06635,,,0.125,-0.11389,-0.13125,
2017-03-31,US,-0.2624,12.37,False,0.319,0.556,0.0,0.0,0.0209,0.0091,0.015,0.0091,KR,0.3116,0.1419,0.04883,US,-0.3035,0.1182,-0.00246,US,-0.8,0.1182,US,-0.7957,0.1182,KR,0.624,0.1774,0.10395,US,-0.7996,0.0591,-0.07987,US,-0.7942,0.1419,-0.05256,,,0.125,-0.15149,-0.10407,
2017-04-28,US,-0.3012,10.82,False,0.389,0.486,0.0,0.0,0.0644,0.0116,0.038,0.0116,KR,0.3318,0.1458,0.02972,US,-0.2573,0.0608,-0.0063,US,-0.9057,0.1215,US,-0.9438,0.1215,KR,0.42,0.2431,0.0769,US,-1.0,0.0608,-0.12182,US,-0.929,0.1215,-0.0293,,,0.125,-0.02628,-0.0767,
2017-05-31,KR,0.3924,10.41,False,0.806,0.0,0.069,0.003,0.0189,0.0048,0.0119,0.0159,KR,0.3997,0.25,0.07525,KR,0.4137,0.0694,0.1159,KR,0.4,0.0694,Hold,0.1193,0.0694,KR,0.4663,0.2778,0.20724,KR,0.3718,0.0694,0.03885,KR,0.3358,0.0694,0.03035,,,0.125,0.10342,0.01375,
2017-06-30,KR,0.2877,11.18,False,0.721,0.154,0.0,0.0,0.0046,0.0193,0.012,0.0046,KR,0.3202,0.1923,0.13395,KR,0.4006,0.0962,0.07937,KR,0.3134,0.0962,US,-0.7761,0.0577,KR,0.7928,0.2404,0.10853,US,-0.4745,0.0962,-0.01005,KR,0.2219,0.0962,0.01602,,,0.125,0.05121,-0.03835,
2017-07-31,Neutral,-0.0003,10.26,False,0.496,0.379,0.0,0.003,-0.0164,0.0005,-0.008,-0.011,US,-0.3329,0.1353,-0.00094,KR,0.3242,0.0902,0.09551,KR,0.3588,0.0902,US,-0.6445,0.1082,KR,0.5225,0.2255,0.14663,US,-0.6319,0.1353,-0.01031,KR,0.2281,0.0902,0.02413,,,0.125,0.03496,-0.01825,
2017-08-31,Neutral,-0.0467,10.59,False,0.48,0.395,0.0,0.0,0.0132,0.0193,0.0163,0.0163,KR,0.3832,0.2134,0.04332,KR,0.375,0.0534,0.03732,US,-0.3527,0.0534,US,-0.7953,0.128,KR,0.4,0.2134,0.18647,US,-0.4376,0.1601,-0.05622,US,-0.6993,0.0534,-0.01769,,,0.125,-0.00151,-0.055,
2017-09-29,US,-0.3079,9.51,False,0.402,0.473,0.0,0.003,0.0539,0.0222,0.038,0.0192,KR,0.3117,0.1786,0.04898,US,-0.7906,0.0446,-0.04777,KR,0.3076,0.0893,US,-0.8,0.1607,KR,0.3157,0.1339,0.05565,US,-0.796,0.1786,-0.05623,US,-0.9948,0.0893,-0.05597,,,0.125,0.04492,-0.13406,
2017-10-31,Neutral,0.067,10.18,False,0.68,0.195,0.0,0.003,-0.0186,0.0281,0.0047,0.0017,KR,0.387,0.1699,0.0467,US,-0.9784,0.0425,-0.04156,KR,0.4,0.1274,US,-0.9923,0.1529,KR,0.3992,0.1274,0.07488,KR,0.3077,0.1699,0.04497,KR,0.3772,0.085,0.041,,,0.125,0.10359,-0.05198,
2017-11-30,US,-0.654,11.28,False,0.126,0.749,0.0,0.003,-0.0036,0.0098,0.0031,0.0068,US,-0.8326,0.1262,-0.01997,US,-0.8254,0.0841,-0.10377,KR,0.3197,0.1262,US,-0.9985,0.2019,US,-0.6961,0.0841,-0.01564,US,-0.9761,0.1683,-0.04129,US,-0.1624,0.0841,-0.01562,,,0.125,0.08233,-0.16939,
2017-12-29,US,-0.667,11.04,False,0.087,0.787,0.0,0.0,0.035,0.0562,0.0456,0.0562,US,-0.796,0.1313,-0.05644,US,-0.7978,0.0875,-0.06263,KR,0.32,0.0875,US,-0.8,0.2188,US,-0.689,0.0875,-0.02234,US,-0.7993,0.175,-0.07377,US,-0.7104,0.0875,-0.02442,,,0.125,0.10224,-0.12827,
2018-01-31,US,-0.7392,13.54,False,0.182,0.693,0.0,0.0,-0.0542,-0.0389,-0.0466,-0.0389,US,-0.9995,0.1458,-0.0805,US,-0.9962,0.1094,-0.05908,KR,0.32,0.0729,US,-0.9966,0.1823,KR,0.1922,0.1094,0.0118,US,-1.0,0.1458,-0.12737,US,-0.9955,0.1094,-0.05942,,,0.125,0.14048,-0.09139,
2018-02-28,US,-0.1651,19.85,False,0.168,0.707,0.0,0.0,0.0076,-0.0269,-0.0096,-0.0269,US,-0.3215,0.1346,-0.11028,US,-0.4009,0.1346,-0.07836,KR,0.4315,0.0673,US,-0.4024,0.1683,KR,0.756,0.101,0.03909,US,-0.323,0.1346,-0.10816,US,-0.3073,0.1346,-0.04447,,,0.125,0.05763,-0.10977,
2018-03-30,Neutral,0.1328,19.97,False,0.474,0.401,0.0,0.003,0.0284,0.0256,0.027,0.024,US,-0.4026,0.1458,-0.02209,US,-0.34,0.1458,-0.04734,KR,0.3204,0.0729,KR,0.8053,0.1458,KR,0.8019,0.1458,0.02517,US,-0.5918,0.1094,-0.07092,KR,0.2882,0.1094,0.02136,,,0.125,0.08523,0.0311,
2018-04-30,Neutral,0.0224,15.93,False,0.315,0.56,0.0,0.0,-0.0367,0.0216,-0.0076,-0.0076,US,-0.4004,0.105,-0.04433,US,-0.1528,0.14,-0.01118,US,-0.6478,0.07,KR,0.7638,0.175,US,-0.5843,0.14,-0.11372,US,-0.2802,0.105,-0.03259,KR,0.7564,0.14,0.07577,,,0.125,-0.0185,0.01599,
2018-05-31,US,-0.5566,15.43,False,0.125,0.75,0.0,0.003,-0.04,0.0048,-0.0176,0.0018,US,-0.9948,0.125,-0.05736,US,-0.4039,0.125,-0.08132,US,-0.8829,0.0937,US,-0.9185,0.125,US,-0.4331,0.1562,-0.15502,US,-0.9977,0.125,-0.13553,KR,0.6221,0.125,0.03242,,,0.125,-0.02394,-0.02783,
2018-06-29,US,-0.751,16.09,False,0.094,0.781,0.0,0.0,-0.0133,0.036,0.0114,0.036,US,-0.7966,0.125,-0.09366,US,-0.9899,0.125,-0.04928,US,-1.0,0.125,US,-0.9967,0.125,US,-0.7549,0.1562,-0.15695,US,-0.7939,0.125,-0.16853,KR,0.3519,0.0937,0.03334,,,0.125,-0.12423,-0.0604,
2018-07-31,US,-0.6064,12.83,False,0.125,0.875,0.0,0.0,0.012,0.0303,0.0211,0.0303,US,-0.8458,0.125,-0.07149,US,-0.9937,0.125,-0.09707,US,-1.0,0.1563,US,-0.7559,0.125,US,-0.4896,0.1563,-0.09323,US,-0.8,0.125,-0.12192,US,-0.9974,0.0625,-0.07251,KR,0.9052,0.125,-0.20316,-0.1591,0.02625
2018-08-31,US,-0.7536,12.86,False,0.0,1.0,0.0,0.0,0.0087,0.0043,0.0065,0.0043,US,-0.9995,0.1167,-0.07944,US,-0.7453,0.1167,-0.07949,US,-0.9977,0.175,US,-0.7862,0.1167,US,-0.4267,0.175,-0.08001,US,-0.5502,0.1167,-0.13614,US,-0.9844,0.0583,-0.06222,US,-0.6995,0.125,-0.06392,-0.08711,-0.01351
2018-09-28,US,-0.629,12.12,False,0.125,0.75,0.125,0.0,-0.1337,-0.0694,-0.1016,-0.0694,US,-0.9986,0.125,-0.12422,Hold,-0.1253,0.125,0.00508,US,-0.9668,0.1563,US,-0.8,0.125,US,-0.96,0.1563,-0.06655,US,-0.7981,0.125,-0.08069,US,-0.9268,0.0625,-0.03745,KR,0.5617,0.125,-0.03719,-0.11065,0.05027
2018-10-31,US,-0.5733,21.23,False,0.0,0.841,0.159,0.0,0.0331,0.0179,0.0255,0.0179,US,-0.3213,0.1592,-0.13054,US,-0.9209,0.1529,-0.0645,US,-1.0,0.1592,US,-0.7703,0.1274,Hold,0.095,0.1592,0.01171,US,-0.4458,0.1592,-0.15215,US,-0.999,0.0637,-0.20051,US,-0.235,0.0191,-0.24152,-0.08267,-0.02491
2018-11-30,US,-0.2753,18.07,False,0.2,0.8,0.0,0.0,-0.0266,-0.0918,-0.0592,-0.0918,US,-0.2775,0.1481,-0.02344,US,-0.3013,0.1333,-0.04075,US,-0.8,0.1481,US,-0.4439,0.1481,KR,0.9974,0.1778,0.06273,US,-0.9299,0.1481,-0.06997,US,-0.9658,0.0741,-0.06884,KR,1.0,0.0222,-0.15047,-0.01205,0.13962
2018-12-31,KR,0.5555,25.42,False,0.732,0.0,0.268,0.003,0.0969,0.0787,0.0878,0.0939,Hold,0.1035,0.1339,-0.00496,KR,0.7545,0.1071,0.03165,Hold,0.0203,0.1339,KR,0.8,0.1339,KR,0.8,0.2143,0.14235,KR,0.7942,0.1339,0.05263,KR,0.3392,0.0893,0.00358,KR,0.7999,0.0536,-0.00827,0.10121,0.09838
2019-01-31,KR,0.6015,16.57,False,0.809,0.087,0.104,0.0,-0.0043,0.0297,0.0127,-0.0043,KR,0.9499,0.1043,0.05153,Hold,-0.0356,0.1043,-0.0079,KR,0.2748,0.1043,KR,0.9791,0.1304,KR,0.983,0.2087,0.04555,KR,0.6161,0.1304,0.04218,KR,0.6944,0.1304,0.01279,US,-0.3031,0.087,0.01648,0.04188,-0.02599
2019-02-28,Neutral,0.0773,14.78,False,0.339,0.255,0.406,0.003,-0.0249,0.0179,-0.0035,-0.0065,US,-0.9473,0.0727,-0.03241,Hold,-0.0657,0.0909,0.00383,Hold,-0.1309,0.0727,Hold,-0.1476,0.1212,KR,0.736,0.2182,0.04756,KR,0.4355,0.1212,0.04293,Hold,0.1087,0.1212,0.01457,US,-0.2582,0.1818,0.00492,0.00321,-0.02819
2019-03-29,US,-0.6874,13.71,False,0.0,1.0,0.0,0.003,0.0294,0.0393,0.0344,0.0363,US,-0.9521,0.1182,-0.04597,US,-0.7132,0.0985,-0.06016,US,-0.9608,0.0739,US,-0.7827,0.1182,US,-0.3927,0.1773,-0.06128,US,-0.7988,0.0985,-0.06963,US,-0.9991,0.1182,-0.07326,US,-0.3786,0.197,-0.15223,-0.0662,-0.05615
2019-04-30,US,-0.4969,13.12,False,0.067,0.843,0.09,0.0,-0.0734,-0.0658,-0.0696,-0.0658,US,-0.9991,0.1076,-0.07327,US,-0.7766,0.1345,-0.06857,KR,0.3935,0.0673,US,-0.3034,0.1076,US,-0.3965,0.1614,-0.04093,Hold,0.021,0.0897,0.00991,US,-0.8796,0.1076,-0.02366,US,-0.5437,0.2242,0.03194,-0.02573,-0.06412
2019-05-31,US,-0.2384,18.71,False,0.277,0.723,0.0,0.0,0.0435,0.0689,0.0562,0.0689,US,-0.6311,0.1233,-0.05279,KR,0.3804,0.1541,0.00272,US,-0.7985,0.0514,KR,0.6051,0.1233,US,-0.2036,0.137,-0.00616,US,-0.464,0.0822,-0.00828,US,-0.9844,0.1233,-0.09629,US,-0.3183,0.2055,-0.06623,0.01368,-0.05648
2019-06-28,US,-0.4806,15.08,False,0.0,1.0,0.0,0.0,-0.0498,0.0131,-0.0183,0.0131,US,-0.4372,0.1399,-0.06174,US,-0.4706,0.1312,-0.0744,US,-0.9999,0.0875,US,-0.4033,0.105,US,-0.4003,0.1166,-0.08351,US,-0.4848,0.105,-0.05714,US,-0.4323,0.1399,-0.14052,US,-0.3993,0.1749,-0.10354,-0.08184,-0.07559
2019-07-31,US,-0.8571,16.12,False,0.0,1.0,0.0,0.0,-0.028,-0.0181,-0.0231,-0.0181,US,-1.0,0.1425,-0.12009,US,-0.9985,0.1282,-0.11014,US,-1.0,0.1026,US,-0.961,0.1026,US,-0.7977,0.114,-0.06186,US,-0.9997,0.1026,-0.11233,US,-0.998,0.1368,-0.17029,US,-0.3253,0.1709,-0.23107,-0.05956,-0.05779
2019-08-30,US,-0.2008,18.98,False,0.142,0.626,0.232,0.0,0.0484,0.0172,0.0328,0.0172,US,-0.3227,0.1422,-0.0786,US,-0.3207,0.1137,-0.11589,US,-0.8,0.1137,Hold,0.0,0.1137,Hold,-0.1486,0.1185,-0.0162,US,-0.3197,0.1137,-0.08071,US,-0.3206,0.1422,-0.18209,KR,0.5074,0.1422,-0.18219,-0.00914,0.00611
2019-09-30,US,-0.5165,16.24,False,0.152,0.848,0.0,0.0,0.0099,0.0204,0.0152,0.0204,US,-0.9512,0.1263,-0.039,US,-0.7998,0.101,-0.09276,US,-0.8,0.101,US,-0.5987,0.1212,US,-0.6621,0.1515,-0.03506,US,-0.2513,0.1212,-0.0247,US,-0.7894,0.1263,-0.10784,KR,0.4499,0.1515,-0.10049,-0.01534,0.00799
2019-10-31,US,-0.3213,13.22,False,0.389,0.611,0.0,0.0,0.0022,0.034,0.0181,0.034,US,-0.4185,0.1295,-0.0347,US,-0.9996,0.1036,-0.10414,KR,0.2704,0.1036,US,-0.9072,0.1244,KR,0.8896,0.1554,0.03984,US,-0.9917,0.1244,-0.05499,US,-0.9982,0.1295,-0.06632,KR,0.2753,0.1295,0.02282,-0.03436,0.01489
2019-11-29,US,-0.6223,12.62,False,0.0,0.869,0.131,0.0,0.0525,0.0256,0.0391,0.0256,US,-0.7979,0.1366,-0.06282,US,-0.7998,0.1093,-0.08584,US,-0.794,0.1093,US,-0.7912,0.1311,Hold,-0.0311,0.1311,-0.01056,US,-0.7842,0.1366,-0.04246,US,-0.5062,0.1366,-0.01034,US,-0.5028,0.1093,-0.05224,-0.09335,-0.00596
2019-12-31,US,-0.4889,13.78,False,0.0,1.0,0.0,0.0,-0.0258,-0.0099,-0.0179,-0.0099,US,-0.5833,0.1278,-0.01427,US,-0.7998,0.1278,-0.08452,US,-0.1864,0.0958,US,-0.352,0.1534,US,-0.1987,0.1438,-0.0197,US,-0.7252,0.1278,-0.03918,US,-0.784,0.1278,-0.04349,US,-0.1967,0.0958,0.00192,-0.05369,0.00154
2020-01-31,US,-0.747,18.84,False,0.0,0.904,0.096,0.0,-0.0623,-0.0841,-0.0732,-0.0841,US,-0.8775,0.1278,-0.02948,US,-0.9963,0.1278,-0.11413,US,-0.7837,0.0958,US,-0.9979,0.1534,US,-0.1863,0.1438,0.00327,US,-0.9975,0.1278,-0.0634,US,-0.999,0.1278,-0.07276,Hold,0.0266,0.0958,-0.017,-0.11512,0.0097
2020-02-28,Neutral,-0.0447,40.11,True,0.452,0.548,0.0,0.003,-0.1169,-0.1251,-0.121,-0.124,KR,0.7196,0.1304,0.02426,US,-0.4225,0.1304,-0.07128,KR,0.3811,0.087,US,-0.5855,0.1565,KR,0.9561,0.1304,0.10317,US,-0.9901,0.1304,-0.07801,US,-0.9365,0.1304,-0.03652,KR,0.9743,0.1043,0.04005,-0.11119,0.04487
2020-03-31,Neutral,0.0919,53.54,True,0.36,0.64,0.0,0.0,0.1099,0.1268,0.1184,0.1184,US,-0.3178,0.16,-0.0576,US,-0.1812,0.12,-0.01944,KR,0.7642,0.12,US,-0.32,0.12,KR,0.7986,0.144,0.34371,US,-0.355,0.12,-0.12218,US,-0.3165,0.12,-0.05763,KR,0.7995,0.096,0.18621,-0.07264,0.07906
2020-04-30,KR,0.3536,34.15,True,0.693,0.307,0.0,0.003,0.0708,0.0453,0.0581,0.0614,US,-0.3237,0.1754,-0.06568,KR,0.6387,0.1316,0.03081,KR,0.3696,0.0877,KR,0.7723,0.1316,KR,0.8,0.1053,0.12154,US,-0.498,0.1316,-0.12294,KR,0.6843,0.1316,0.06424,KR,0.7943,0.1053,0.07615,0.03888,0.07716
2020-05-29,KR,0.2254,27.51,False,0.669,0.207,0.124,0.0,0.0388,0.0184,0.0286,0.0388,US,-0.8979,0.124,-0.0485,Hold,0.0008,0.124,-0.00913,KR,0.4083,0.124,KR,0.96,0.124,KR,0.9995,0.1488,0.19568,US,-0.9926,0.0826,-0.11911,KR,0.3277,0.124,0.00398,KR,0.401,0.1488,0.08912,0.03555,0.11481
2020-06-30,Neutral,-0.0428,30.43,True,0.435,0.565,0.0,0.003,0.0669,0.0551,0.061,0.058,US,-0.7923,0.102,-0.07613,US,-0.3677,0.1224,-0.04267,KR,0.3205,0.1361,US,-0.3407,0.1361,KR,0.8,0.1361,0.21633,US,-0.7991,0.068,-0.11981,US,-0.1914,0.1361,0.00171,KR,0.3513,0.1633,0.25895,-0.06175,0.1384
2020-07-31,Neutral,0.0167,24.46,False,0.529,0.471,0.0,0.0,0.0341,0.0701,0.0521,0.0521,US,-0.3848,0.0826,-0.04244,US,-0.2253,0.0992,-0.01307,KR,0.4,0.1653,US,-0.3413,0.124,KR,0.8,0.1653,0.29596,US,-0.9974,0.0413,-0.06359,US,-0.9948,0.124,-0.06083,KR,0.4002,0.1983,0.18117,-0.02842,0.13622
2020-08-31,US,-0.3364,26.41,False,0.42,0.58,0.0,0.003,0.0007,-0.0392,-0.0192,-0.0422,US,-1.0,0.1049,-0.14843,US,-0.6916,0.1259,-0.01264,KR,0.4,0.1399,US,-0.7999,0.1399,KR,0.4,0.1399,0.37826,US,-0.898,0.0699,-0.02544,US,-0.9879,0.1399,-0.04741,KR,0.404,0.1399,0.23536,-0.09112,0.11504
2020-09-30,KR,0.4715,26.37,False,0.855,0.0,0.145,0.003,-0.0385,-0.0277,-0.0331,-0.0415,KR,0.2005,0.0725,-0.00141,KR,0.907,0.1304,0.02645,KR,0.3048,0.1449,KR,0.4323,0.1449,KR,0.7427,0.1449,0.28803,KR,0.3495,0.0725,0.0549,Hold,-0.065,0.1449,-0.00887,KR,0.7472,0.1449,0.04263,0.00748,0.08097
2020-10-30,KR,0.1592,38.02,True,0.539,0.33,0.13,0.0,0.143,0.1075,0.1253,0.1341,KR,0.1657,0.0435,-0.00389,KR,0.4575,0.1043,0.04847,KR,0.399,0.1739,Hold,0.1081,0.1304,KR,0.9974,0.1739,0.30346,KR,0.3935,0.0435,0.03639,US,-0.7848,0.1565,-0.03405,US,-0.2702,0.1739,0.04429,-0.00446,-0.02223
2020-11-30,Neutral,0.0942,20.57,False,0.541,0.459,0.0,0.003,0.1089,0.0371,0.073,0.07,KR,0.893,0.0901,0.05063,US,-0.2137,0.1081,-0.01776,KR,0.4036,0.1802,US,-0.3601,0.1081,KR,1.0,0.1802,0.16405,KR,0.4561,0.0901,0.04161,US,-0.8025,0.1081,-0.04755,US,-0.973,0.1351,0.14142,-0.0046,-0.0645
2020-12-31,KR,0.2161,22.75,False,0.804,0.196,0.0,0.003,0.0108,-0.0111,-0.0002,0.0078,KR,0.4,0.1471,0.17422,US,-0.7918,0.098,-0.04921,KR,0.3931,0.1961,KR,0.3156,0.0588,KR,0.7999,0.1961,0.11679,KR,0.3998,0.1471,0.08671,KR,0.3469,0.0588,0.03234,US,-0.9875,0.098,0.05305,0.05536,-0.05428
2021-01-29,Neutral,0.0693,33.09,True,0.748,0.252,0.0,0.003,0.0123,0.0261,0.0192,0.0162,KR,0.4,0.1681,0.22187,US,-0.9462,0.084,-0.11008,US,-0.9975,0.1681,KR,0.32,0.1008,KR,0.5572,0.1681,0.20667,KR,0.4,0.1681,0.17703,KR,0.3956,0.1008,0.05758,KR,0.3846,0.042,-0.0633,0.12821,0.04001
2021-02-26,US,-0.3293,27.95,False,0.412,0.539,0.049,0.003,0.0161,0.0424,0.0293,0.0394,KR,0.4002,0.1471,0.15862,US,-0.9992,0.098,-0.13147,US,-1.0,0.2451,KR,0.4,0.0588,US,-0.7806,0.1961,-0.11191,KR,0.4,0.1471,0.11734,KR,0.3974,0.0588,0.06256,Hold,0.0462,0.049,-0.15451,0.11165,0.01084
2021-03-31,Neutral,-0.0376,19.4,False,0.4,0.457,0.143,0.003,0.0282,0.0524,0.0403,0.0373,KR,0.6052,0.1429,0.08202,Hold,-0.0571,0.1429,-0.01118,US,-0.8,0.2381,KR,0.32,0.0571,US,-0.3531,0.1905,-0.11951,KR,0.7901,0.1429,0.05503,KR,0.3705,0.0571,0.00569,US,-0.369,0.0286,-0.14621,0.09909,-0.00567
2021-04-30,US,-0.5675,18.61,False,0.175,0.783,0.042,0.003,0.0178,0.0055,0.0116,0.0025,KR,0.2933,0.125,0.01312,US,-0.9159,0.15,-0.04379,US,-1.0,0.25,KR,0.3993,0.05,US,-0.4029,0.2083,-0.09211,US,-0.8435,0.125,-0.06186,Hold,-0.0257,0.0417,-0.00687,US,-0.9257,0.05,-0.14825,0.07541,-0.03052
2021-05-31,US,-0.1586,16.76,False,0.452,0.548,0.0,0.0,0.029,0.0227,0.0258,0.0227,KR,0.2928,0.1442,0.00681,US,-0.658,0.1154,-0.0193,US,-0.8,0.2404,KR,0.32,0.0962,US,-0.4229,0.1923,-0.12194,KR,0.6141,0.0962,0.08848,KR,0.2903,0.0577,0.03593,KR,0.7317,0.0577,-0.14571,0.14762,0.05914
2021-06-30,US,-0.2041,15.83,False,0.441,0.559,0.0,0.0,-0.0286,0.0227,-0.0029,0.0227,US,-0.9879,0.1351,-0.05091,US,-0.1646,0.1081,-0.00236,US,-0.7993,0.1802,KR,0.3226,0.1351,US,-0.3974,0.1351,-0.0628,KR,0.271,0.0901,0.0308,KR,0.3914,0.1081,0.01704,KR,0.3199,0.1081,-0.12987,0.11143,0.09729
2021-07-30,US,-0.4236,18.24,False,0.218,0.782,0.0,0.0,-0.001,0.029,0.014,0.029,US,-0.7977,0.1485,-0.11671,US,-0.4568,0.1782,-0.0366,US,-0.8,0.198,KR,0.3005,0.099,US,-0.3996,0.1485,-0.08075,US,-0.4758,0.0495,-0.05153,US,-0.9995,0.0594,-0.07965,KR,0.3971,0.1188,-0.15053,0.027,0.01504
2021-08-31,US,-0.538,16.48,False,0.246,0.754,0.0,0.0,-0.0408,-0.0476,-0.0442,-0.0476,US,-0.9999,0.1639,-0.13987,US,-0.9624,0.1475,-0.03601,US,-0.6059,0.1639,KR,0.1662,0.082,KR,0.795,0.1639,0.01763,US,-0.9998,0.082,-0.09002,US,-0.9996,0.0984,-0.08159,US,-0.9808,0.0984,-0.00937,0.01838,-0.04276
2021-09-30,US,-0.3555,23.14,False,0.307,0.588,0.105,0.0,-0.032,0.0691,0.0186,0.0691,US,-0.9993,0.1754,-0.09672,Hold,0.0808,0.1053,-0.00634,US,-0.9996,0.1316,KR,0.4005,0.1316,KR,0.7971,0.1754,0.01775,US,-0.6775,0.0877,-0.09911,US,-0.9809,0.1053,-0.08222,US,-0.9923,0.0877,-0.08361,0.01138,-0.05202
2021-10-29,US,-0.8276,16.26,False,0.0,1.0,0.0,0.0,-0.0443,-0.0083,-0.0263,-0.0083,US,-0.9999,0.2,-0.17255,US,-0.9437,0.096,-0.08209,US,-1.0,0.12,US,-0.8,0.12,US,-0.3451,0.12,-0.17743,US,-1.0,0.12,-0.13691,US,-0.8,0.144,-0.10917,US,-0.5556,0.08,-0.16967,-0.16404,-0.01276
2021-11-30,US,-0.7553,27.19,False,0.098,0.902,0.0,0.0,0.0488,0.0436,0.0462,0.0436,US,-0.8876,0.1634,-0.13128,US,-0.9492,0.1176,-0.06843,US,-1.0,0.1307,US,-0.9777,0.098,US,-0.4008,0.1307,-0.17058,US,-0.9607,0.1307,-0.25761,US,-0.9991,0.1307,-0.17786,KR,0.3731,0.098,-0.12258,-0.20771,0.03802
2021-12-31,US,-0.5989,17.22,False,0.0,1.0,0.0,0.0,-0.109,-0.0526,-0.0808,-0.0526,US,-0.3196,0.1504,-0.07865,US,-0.7192,0.1353,-0.08594,US,-0.8,0.1504,US,-0.6281,0.0752,US,-0.3428,0.1504,-0.15641,US,-0.3201,0.1128,-0.12095,US,-0.9625,0.1128,-0.20605,US,-0.796,0.1128,-0.18934,-0.12898,-0.06129
2022-01-31,US,-0.7299,24.83,False,0.0,1.0,0.0,0.0,-0.0032,-0.0314,-0.0173,-0.0314,US,-0.5405,0.1307,-0.07573,US,-0.7521,0.1176,-0.03636,US,-1.0,0.1307,US,-0.8,0.098,US,-0.7997,0.1307,-0.39374,US,-0.3996,0.1307,-0.07266,US,-0.8,0.1307,-0.19618,US,-0.7668,0.1307,-0.22957,-0.12878,-0.19707
2022-02-28,US,-0.4367,30.15,True,0.098,0.779,0.123,0.0,0.0217,0.0358,0.0287,0.0322,US,-0.1716,0.123,-0.01358,KR,0.3767,0.0984,0.00821,US,-1.0,0.123,Hold,0.0664,0.123,US,-0.9984,0.123,-0.3476,US,-0.3461,0.123,-0.03212,US,-0.9985,0.123,-0.07734,US,-0.304,0.1639,-0.14599,0.01071,-0.04228
2022-03-31,Neutral,-0.1458,20.56,False,0.257,0.743,0.0,0.003,-0.0227,-0.088,-0.0553,-0.0583,US,-0.3969,0.1389,-0.05509,KR,0.9753,0.0833,0.04246,US,-0.7174,0.1389,US,-0.4529,0.0833,US,-0.32,0.1042,-0.37306,US,-0.3188,0.1389,-0.06789,US,-0.3963,0.1389,-0.10953,KR,0.5649,0.1736,-0.12513,-0.0085,0.01734
2022-04-29,KR,0.5636,33.4,True,0.764,0.236,0.0,0.003,-0.0034,0.0001,-0.0017,-0.0055,KR,0.9995,0.1181,0.08069,KR,0.9614,0.1181,0.12975,KR,0.691,0.1181,KR,0.5678,0.0945,US,-0.4001,0.1181,-0.19732,KR,1.0,0.1181,0.13327,US,-0.6003,0.1181,-0.03211,KR,0.9998,0.1969,0.02366,0.13347,0.08986
2022-05-31,KR,0.1583,26.19,False,0.375,0.417,0.208,0.0,-0.1315,-0.0839,-0.1077,-0.1315,KR,0.7036,0.1042,0.02363,KR,0.9989,0.1042,0.0732,US,-0.7124,0.1042,KR,1.0,0.0625,US,-0.4,0.1562,-0.24438,KR,0.8,0.1042,0.18699,US,-0.303,0.1562,-0.04172,Hold,0.0918,0.2083,-0.06724,0.15836,-0.00541
2022-06-30,US,-0.2422,28.71,False,0.239,0.761,0.0,0.003,0.051,0.0911,0.071,0.0881,US,-0.2889,0.0917,-0.02427,KR,0.5857,0.0917,0.00887,US,-0.9544,0.1376,KR,0.6788,0.055,US,-0.4,0.1835,-0.11783,KR,0.9998,0.0917,0.1768,US,-0.58,0.1835,-0.04531,US,-0.5291,0.1651,-0.06188,0.08577,-0.05936
2022-07-29,US,-0.3012,21.33,False,0.188,0.573,0.24,0.0,0.0084,-0.0424,-0.017,-0.0424,US,-0.3505,0.1042,-0.10418,US,-0.9939,0.0521,-0.08715,Hold,0.0779,0.1562,Hold,0.1178,0.0313,US,-0.4255,0.2083,-0.1344,Hold,0.0169,0.0521,-0.00858,US,-0.9603,0.2083,-0.03663,KR,0.3149,0.1875,0.0128,0.01159,0.00043
2022-08-31,US,-0.161,25.87,False,0.255,0.651,0.094,0.0,-0.1281,-0.0934,-0.1107,-0.0934,Hold,-0.0473,0.0943,-0.00842,US,-0.568,0.0472,-0.04367,KR,0.2535,0.1698,KR,0.9896,0.0283,US,-0.375,0.1887,-0.04005,KR,0.9775,0.0566,0.04561,US,-0.4645,0.1887,-0.05686,US,-0.4315,0.2264,0.02146,0.05089,-0.00498
2022-09-30,US,-0.2796,31.62,True,0.235,0.704,0.061,0.0,0.0641,0.0799,0.072,0.0759,Hold,0.1478,0.0612,-0.00046,US,-0.9765,0.102,-0.06634,US,-0.99,0.1224,US,-0.5283,0.0306,US,-0.3225,0.2041,-0.12817,KR,0.8823,0.0306,0.0239,KR,0.1799,0.2041,0.00658,US,-0.2022,0.2449,-0.0804,-0.01244,-0.01803
2022-10-31,US,-0.5297,25.88,False,0.066,0.934,0.0,0.0,0.078,0.0538,0.0659,0.0538,KR,0.9107,0.0661,0.02688,US,-0.4112,0.0881,-0.11127,US,-0.6806,0.1586,US,-0.5132,0.0529,US,-0.9188,0.2203,-0.20903,US,-0.1656,0.0264,-0.01783,US,-0.4409,0.1762,-0.13598,US,-0.6342,0.2115,-0.09861,-0.05081,-0.10384
2022-11-30,US,-0.4639,20.58,False,0.135,0.865,0.0,0.0,-0.0955,-0.059,-0.0772,-0.059,KR,0.628,0.1351,0.01016,US,-0.4247,0.0901,-0.04465,US,-0.9807,0.1622,US,-0.3366,0.0541,US,-0.3783,0.1802,-0.04148,US,-0.3045,0.027,-0.02615,US,-0.6501,0.1351,-0.01199,US,-0.7817,0.2162,-0.11478,-0.06104,-0.01891
2022-12-30,US,-0.3488,21.67,False,0.048,0.635,0.317,0.0,0.0896,0.0618,0.0757,0.0618,US,-0.2524,0.119,-0.02743,US,-0.7752,0.119,-0.03797,US,-0.9973,0.1429,US,-0.6619,0.0952,US,-0.3206,0.1587,-0.19026,KR,0.4478,0.0476,0.01177,Hold,0.057,0.119,0.0118,Hold,0.0091,0.1984,-0.06337,-0.12523,-0.00512
2023-01-31,US,-0.3047,19.4,False,0.315,0.685,0.0,0.0,-0.005,-0.0261,-0.0156,-0.0261,KR,0.6608,0.0685,0.02446,KR,0.3028,0.137,0.04161,US,-0.9981,0.1096,US,-0.6397,0.1096,US,-0.2881,0.137,-0.03387,US,-0.3022,0.1096,-0.03791,KR,0.3197,0.1096,0.04362,US,-0.7956,0.2192,-0.08333,-0.03299,-0.06103
2023-02-28,US,-0.2547,20.7,False,0.216,0.629,0.155,0.0,0.0265,0.0351,0.0308,0.0351,KR,0.2342,0.1293,0.01086,US,-0.5106,0.1724,-0.00621,US,-0.9998,0.0862,US,-0.6833,0.0862,US,-0.3816,0.1293,-0.04206,KR,0.8675,0.0862,0.0226,Hold,-0.0912,0.1552,0.00419,US,-0.407,0.1552,-0.09043,-0.07814,-0.05916
2023-03-31,US,-0.1757,18.7,False,0.292,0.5,0.208,0.0,0.01,0.0146,0.0123,0.0146,US,-0.8541,0.1,-0.04243,KR,0.7779,0.1667,0.03909,US,-0.7962,0.125,Hold,-0.0077,0.125,KR,0.7965,0.125,0.05781,Hold,-0.0592,0.0833,-0.0106,US,-0.7976,0.125,-0.07711,US,-0.7627,0.15,-0.06221,-0.00947,-0.1411
2023-04-28,US,-0.3171,15.78,False,0.285,0.715,0.0,0.0,0.0302,0.0025,0.0163,0.0025,US,-0.8354,0.1255,-0.06944,US,-0.1573,0.1255,0.00405,US,-0.6631,0.1255,KR,0.371,0.1004,KR,0.4343,0.0837,0.00772,KR,0.6514,0.1004,0.03585,US,-0.9984,0.1883,-0.06775,US,-0.3999,0.1506,-0.01971,0.00479,-0.08948
2023-05-31,Neutral,0.1263,17.94,False,0.479,0.384,0.137,0.003,-0.005,0.0647,0.0299,0.0269,US,-0.3973,0.076,-0.05376,KR,0.9955,0.1141,0.06812,KR,0.3954,0.1141,KR,0.8322,0.1369,KR,0.999,0.1141,0.08538,Hold,-0.0076,0.1369,0.00576,US,-0.7956,0.1711,-0.05231,US,-0.6785,0.1369,0.05714,0.03845,-0.14217
2023-06-30,US,-0.7259,13.59,False,0.0,1.0,0.0,0.003,0.0266,0.0311,0.0289,0.0281,US,-0.3996,0.1333,-0.07425,US,-0.9239,0.0889,-0.04576,US,-0.9776,0.0889,US,-0.3846,0.1067,US,-0.8125,0.0889,-0.03133,US,-0.875,0.1333,-0.10283,US,-0.9994,0.2,-0.12827,US,-0.4614,0.16,-0.04481,-0.02411,-0.21206
2023-07-31,US,-0.7229,13.63,False,0.0,0.894,0.106,0.0,-0.029,-0.0177,-0.0234,-0.0177,US,-0.7979,0.1408,-0.10131,US,-0.7743,0.1056,-0.03751,US,-0.7214,0.1056,US,-0.7343,0.1268,Hold,-0.0311,0.1056,0.0081,US,-0.4387,0.1056,-0.11606,US,-1.0,0.169,-0.1207,US,-0.9999,0.1408,-0.01393,-0.02775,-0.17323
2023-08-31,US,-0.4999,13.57,False,0.089,0.911,0.0,0.0,-0.0357,-0.0487,-0.0422,-0.0487,US,-0.4035,0.1187,-0.1155,KR,0.2579,0.089,0.00511,US,-0.489,0.1187,US,-0.7824,0.1424,US,-0.9999,0.1068,-0.1574,US,-0.4002,0.1335,-0.0861,US,-0.2024,0.1424,0.00134,US,-0.7844,0.1484,-0.00956,-0.04166,-0.16557
2023-09-29,US,-0.2305,17.52,False,0.509,0.491,0.0,0.0,-0.0531,-0.022,-0.0375,-0.022,US,-0.928,0.1404,-0.05469,KR,0.3168,0.1053,0.05819,KR,0.3707,0.1053,US,-0.6385,0.1263,US,-0.5105,0.0842,-0.18145,KR,0.1789,0.1579,-0.00345,KR,0.3911,0.1404,0.04188,US,-0.9414,0.1404,0.03847,-0.01784,-0.10831
2023-10-31,US,-0.5028,18.14,False,0.221,0.779,0.0,0.0,0.113,0.0892,0.1011,0.0892,US,-0.7994,0.1471,-0.0749,KR,0.1796,0.1103,0.0163,US,-0.6285,0.0735,US,-0.9999,0.1471,US,-0.7991,0.1324,-0.18115,US,-0.3171,0.1324,-0.05517,KR,0.2664,0.1103,0.02746,US,-0.6353,0.1471,-0.01711,-0.13848,-0.11863
2023-11-30,US,-0.809,12.92,False,0.0,1.0,0.0,0.0,0.0473,0.0442,0.0458,0.0442,US,-0.9991,0.155,-0.07361,US,-0.9466,0.155,-0.03228,US,-0.2077,0.0775,US,-0.9884,0.1163,US,-0.9655,0.093,-0.03677,US,-0.8623,0.093,-0.06561,US,-0.4103,0.155,-0.00318,US,-0.92,0.155,0.00265,-0.04782,-0.02803
2023-12-29,US,-0.4007,12.45,False,0.33,0.67,0.0,0.0,-0.0647,0.0159,-0.0244,0.0159,US,-0.9938,0.1339,-0.05468,US,-0.7111,0.1786,-0.02463,KR,0.4,0.0893,US,-0.6833,0.1339,KR,0.5408,0.1071,0.01389,US,-0.886,0.0893,-0.02618,KR,0.2766,0.1339,0.00131,US,-0.7518,0.1339,0.10654,-0.02152,-0.03218
2024-01-31,US,-0.6181,14.35,False,0.104,0.896,0.0,0.0,0.0582,0.0517,0.0549,0.0517,US,-0.6183,0.1562,-0.15146,US,-0.332,0.2083,-0.00091,US,-0.7137,0.0521,US,-0.797,0.1562,US,-0.9481,0.0625,-0.07604,KR,0.1649,0.1042,0.01597,US,-0.9515,0.1042,-0.03329,US,-0.9566,0.1562,-0.01358,-0.06847,-0.08074
2024-02-29,US,-0.4683,13.4,False,0.368,0.632,0.0,0.0,0.0395,0.031,0.0352,0.031,US,-0.9745,0.1471,-0.06723,KR,0.3194,0.2206,0.07545,US,-0.6178,0.0441,US,-0.9724,0.1471,US,-0.9952,0.0735,-0.05689,KR,0.3996,0.1471,0.08188,US,-0.8996,0.0735,-0.02561,US,-0.9833,0.1471,-0.00979,-0.05043,-0.08465
2024-03-29,US,-0.6438,13.01,False,0.0,1.0,0.0,0.0,-0.0199,-0.0397,-0.0298,-0.0397,US,-0.1848,0.137,0.00185,US,-0.5386,0.2055,-0.01189,US,-0.8625,0.0411,US,-0.8,0.137,US,-0.9967,0.0685,-0.12354,US,-0.6379,0.2055,-0.01777,US,-0.7991,0.0685,-0.07132,US,-0.7936,0.137,-0.02217,-0.12143,-0.09305
2024-04-30,KR,0.1663,15.65,False,0.714,0.143,0.143,0.003,-0.0206,0.048,0.0137,-0.0236,KR,0.3606,0.0893,0.03536,KR,0.3193,0.2679,0.07347,Hold,0.1433,0.0536,Hold,0.1104,0.0893,US,-0.9999,0.0536,-0.10296,KR,0.3219,0.2679,0.08777,KR,0.3865,0.0893,0.04633,US,-0.4047,0.0893,0.01494,0.01344,-0.05813
2024-05-31,US,-0.4094,12.92,False,0.053,0.509,0.439,0.003,0.0612,0.0347,0.0479,0.0317,US,-0.9394,0.0877,-0.03645,Hold,0.133,0.1754,0.01445,US,-0.9994,0.0526,US,-0.994,0.1053,US,-0.9979,0.0877,-0.1359,Hold,0.119,0.2632,0.01382,KR,0.7274,0.0526,0.02586,US,-0.9986,0.1754,-0.08629,-0.05442,-0.15563
2024-06-28,Neutral,-0.1439,12.44,False,0.547,0.359,0.094,0.003,-0.0097,0.0113,0.0008,-0.0022,US,-0.7476,0.0781,-0.03403,KR,0.3955,0.1875,0.05724,US,-0.8,0.0469,Hold,-0.0409,0.0938,US,-0.9735,0.0781,-0.10072,KR,0.3199,0.2812,0.07096,KR,0.3076,0.0781,0.04493,US,-0.9998,0.1562,-0.11618,0.00777,-0.14761
2024-07-31,US,-0.1947,16.36,False,0.298,0.702,0.0,0.003,-0.0348,0.0228,-0.006,0.0198,US,-0.3872,0.0877,-0.04444,KR,0.3955,0.1053,0.05737,KR,0.3933,0.1053,US,-0.9651,0.0526,US,-0.4727,0.1754,-0.15295,US,-0.3204,0.2105,-0.09217,KR,0.3141,0.0877,0.02726,US,-0.3997,0.1754,0.05334,-0.0723,-0.08155
2024-08-30,US,-0.8111,15.0,False,0.078,0.922,0.0,0.0,-0.0303,0.0202,-0.0051,0.0202,US,-0.9999,0.1307,-0.09647,US,-0.9012,0.0784,-0.02578,KR,0.4,0.0784,US,-0.9976,0.098,US,-1.0,0.1961,-0.11865,US,-0.799,0.1569,-0.07064,US,-0.9983,0.0654,-0.06727,US,-0.799,0.1961,0.13207,-0.06374,-0.07008
2024-09-30,US,-0.6715,16.73,False,0.058,0.942,0.0,0.0,-0.0143,-0.0099,-0.0121,-0.0099,US,-0.7961,0.1442,-0.1473,US,-0.7219,0.0577,-0.0259,KR,0.3199,0.0577,US,-0.6637,0.1442,US,-0.4579,0.1923,-0.00873,US,-0.7992,0.1154,-0.15017,US,-0.6835,0.0962,-0.02153,US,-0.9975,0.1923,0.10013,-0.01977,-0.07234
2024-10-31,US,-0.6857,23.16,False,0.042,0.801,0.157,0.0,-0.0392,0.0573,0.009,0.0573,US,-0.9904,0.1394,-0.15734,US,-0.9849,0.0836,-0.04522,KR,0.4,0.0418,Hold,0.0737,0.1568,US,-0.9878,0.1742,-0.0552,US,-0.4045,0.1254,-0.11652,US,-0.9622,0.1045,-0.03584,US,-0.977,0.1742,0.12862,0.01266,-0.05115
2024-11-29,US,-0.7178,13.51,False,0.0,1.0,0.0,0.0,-0.023,-0.025,-0.024,-0.025,US,-0.8,0.152,-0.27153,US,-0.3971,0.1094,-0.09475,US,-0.5215,0.0304,US,-0.7999,0.1368,US,-0.8,0.152,-0.24922,US,-0.758,0.1459,-0.23874,US,-0.7952,0.1216,-0.05467,US,-0.6492,0.152,-0.01106,-0.15207,-0.01861
2024-12-31,US,-0.7237,17.35,False,0.033,0.967,0.0,0.0,0.0494,0.027,0.0382,0.027,US,-0.7912,0.1639,-0.18872,US,-0.7999,0.0984,-0.09106,KR,0.4,0.0328,US,-0.7998,0.1475,US,-0.8,0.1639,-0.14747,US,-0.5497,0.1311,-0.18354,US,-0.786,0.0984,-0.04372,US,-0.7923,0.1639,0.13332,-0.08448,-0.05129
2025-01-31,US,-0.7968,16.43,False,0.0,1.0,0.0,0.0,0.0061,-0.0142,-0.0041,-0.0142,US,-0.9677,0.1504,-0.1091,US,-0.9199,0.1128,-0.08513,US,-0.4579,0.0376,US,-0.8762,0.1353,US,-0.9825,0.1504,-0.04714,US,-0.4143,0.1504,-0.11746,US,-0.4946,0.1128,-0.03037,US,-0.9705,0.1504,-0.00822,-0.02335,-0.03839
2025-02-28,US,-0.7953,19.63,False,0.112,0.888,0.0,0.0,-0.0204,-0.0575,-0.039,-0.0575,US,-0.9973,0.1402,-0.06742,US,-0.9992,0.1402,-0.1023,US,-0.8693,0.0467,KR,0.4,0.1121,US,-0.9744,0.1402,-0.04029,US,-0.9904,0.1402,-0.05976,US,-0.9864,0.1402,-0.0464,US,-0.7559,0.1402,-0.02273,0.11131,-0.01555
2025-03-31,KR,0.2064,22.28,False,0.675,0.325,0.0,0.003,0.0304,-0.0076,0.0114,0.0274,KR,0.768,0.1299,0.02963,US,-0.3122,0.1299,-0.0382,US,-0.8,0.0649,KR,0.3185,0.1558,US,-0.7999,0.1299,-0.16404,KR,0.9941,0.1299,0.07105,KR,0.4016,0.1299,0.00871,KR,0.5557,0.1299,-0.11679,0.06639,0.00836
2025-04-30,KR,0.4718,24.7,False,0.776,0.224,0.0,0.0,0.0552,0.0615,0.0583,0.0552,US,-0.3197,0.1493,-0.07572,KR,0.7937,0.0746,0.0534,US,-0.7262,0.0746,KR,0.7864,0.1791,KR,0.244,0.0746,0.00015,KR,0.7905,0.1493,0.04764,KR,0.7956,0.1493,0.0878,KR,0.7949,0.1493,-0.0395,0.12616,0.05389
2025-05-30,Neutral,0.1455,18.57,False,0.706,0.294,0.0,0.003,0.1386,0.0496,0.0941,0.0911,US,-0.5345,0.1961,-0.00782,KR,0.4331,0.0588,0.11526,KR,0.6942,0.1961,KR,0.3997,0.1961,KR,0.4,0.0588,0.1117,KR,0.3945,0.098,0.03332,KR,0.4008,0.098,0.15279,US,-0.9296,0.098,0.05422,0.07471,-0.02949
2025-06-30,KR,0.1712,16.73,False,0.8,0.2,0.0,0.003,0.0566,0.0217,0.0391,0.0536,KR,0.399,0.1333,0.07209,KR,0.32,0.0667,0.19272,US,-0.5269,0.2,KR,0.32,0.2,KR,0.3205,0.0667,0.17942,KR,0.3148,0.1333,0.05336,KR,0.4,0.1333,0.24207,KR,0.32,0.0667,-0.01132,0.14138,0.11995
2025-07-31,KR,0.3444,16.72,False,1.0,0.0,0.0,0.0,-0.0183,0.0191,0.0004,-0.0183,KR,0.3307,0.1429,0.02954,KR,0.32,0.0952,0.15597,KR,0.4,0.0952,KR,0.4,0.1905,KR,0.3303,0.0952,0.15639,KR,0.3936,0.1429,0.05379,KR,0.32,0.1429,0.19701,KR,0.2,0.0952,0.11703,0.15506,0.02081
2025-08-29,KR,0.2467,15.36,False,0.81,0.095,0.095,0.0,0.0749,0.0353,0.0551,0.0749,KR,0.3045,0.1429,0.04263,KR,0.4,0.0952,0.10451,US,-0.5602,0.0952,KR,0.3013,0.1905,KR,0.3055,0.0952,0.04332,KR,0.5619,0.1429,0.02225,KR,0.32,0.1429,0.15744,Hold,0.0629,0.0952,-0.013,0.04074,0.01211
2025-09-30,Neutral,0.1457,16.28,False,0.758,0.242,0.0,0.003,0.1994,0.0227,0.111,0.108,KR,0.3971,0.1515,0.06161,KR,0.4,0.1136,0.11043,KR,0.389,0.0758,KR,0.3192,0.1515,KR,0.3833,0.1136,0.07864,US,-0.3387,0.1515,-0.08833,KR,0.4018,0.1515,0.12307,US,-0.9994,0.0909,0.04608,0.07191,-0.07758
2025-10-31,KR,0.4443,17.44,False,0.956,0.0,0.044,0.003,-0.044,0.0013,-0.0214,-0.047,KR,0.4001,0.1471,0.31562,KR,0.4033,0.1471,0.10469,KR,0.3687,0.1103,KR,0.4,0.1471,KR,0.4,0.1471,0.24965,KR,0.5294,0.1103,0.05148,KR,0.7826,0.1471,0.12497,Hold,-0.1282,0.0441,0.03778,0.11074,0.00501
2025-11-28,KR,0.2002,16.35,False,0.863,0.137,0.0,0.0,0.0732,-0.0005,0.0364,0.0732,KR,0.32,0.1176,0.28626,KR,0.32,0.1569,0.10485,US,-0.5299,0.0784,KR,0.1945,0.1569,KR,0.32,0.1569,0.12233,KR,0.585,0.1176,0.07225,KR,0.3202,0.1569,0.1237,US,-0.7787,0.0588,-0.01146,0.0207,-0.03947
2025-12-31,KR,0.1862,14.95,False,0.784,0.059,0.157,0.0,0.2123,0.0137,0.113,0.2123,KR,0.4,0.1569,0.29898,KR,0.2776,0.1569,0.03234,KR,0.2366,0.0392,KR,0.1655,0.1569,KR,0.3187,0.1569,0.0607,KR,0.32,0.1176,0.13593,Hold,0.0254,0.1569,0.0103,US,-0.7982,0.0588,0.02477,0.01833,-0.0644
2026-01-30,KR,0.2234,17.44,False,0.762,0.159,0.079,0.0,0.1952,-0.0087,0.0933,0.1952,KR,0.4012,0.1587,0.48163,KR,0.4007,0.1587,0.15456,Hold,-0.0484,0.0794,KR,0.4,0.1587,US,-0.477,0.1587,-0.00598,KR,0.4,0.119,0.26936,KR,0.3925,0.1429,0.05221,KR,0.3585,0.0238,0.00752,0.11592,0.03488
2026-02-27,KR,0.2874,19.86,False,0.849,0.0,0.151,0.0,-0.1908,-0.0509,-0.1209,-0.1908,KR,0.32,0.1577,0.66178,KR,0.4,0.1577,0.33306,KR,0.3984,0.0757,KR,0.32,0.1577,KR,0.4,0.1262,0.12977,KR,0.32,0.1262,0.47666,Hold,-0.1045,0.1514,0.00494,KR,0.3841,0.0473,0.06775,0.13244,0.04464
2026-03-31,Neutral,-0.033,25.25,False,0.575,0.253,0.172,0.003,0.2644,0.082,0.1732,0.1702,KR,0.4,0.1533,0.275,KR,0.32,0.1533,0.16066,US,-0.7873,0.092,KR,0.32,0.1533,US,-1.0,0.1149,-0.19124,KR,0.32,0.1149,0.1255,Hold,-0.1353,0.1724,0.00479,US,-0.4029,0.046,-0.04472,0.13588,-0.00296
